Workbook

Sheet Chess
A1: =IFERROR(INDEX(Engine!$CV$2:$CV$13,MATCH(Engine!AH$305,Engine!$CU$2:$CU$13,0)),"") -> rook | B1: =IFERROR(INDEX(Engine!$CV$2:$CV$13,MATCH(Engine!AI$305,Engine!$CU$2:$CU$13,0)),"") -> knight | C1: =IFERROR(INDEX(Engine!$CV$2:$CV$13,MATCH(Engine!AJ$305,Engine!$CU$2:$CU$13,0)),"") -> bishop | D1: =IFERROR(INDEX(Engine!$CV$2:$CV$13,MATCH(Engine!AK$305,Engine!$CU$2:$CU$13,0)),"") -> queen | E1: =IFERROR(INDEX(Engine!$CV$2:$CV$13,MATCH(Engine!AL$305,Engine!$CU$2:$CU$13,0)),"") -> king | F1: =IFERROR(INDEX(Engine!$CV$2:$CV$13,MATCH(Engine!AM$305,Engine!$CU$2:$CU$13,0)),"") -> bishop | G1: =IFERROR(INDEX(Engine!$CV$2:$CV$13,MATCH(Engine!AN$305,Engine!$CU$2:$CU$13,0)),"") -> knight | H1: =IFERROR(INDEX(Engine!$CV$2:$CV$13,MATCH(Engine!AO$305,Engine!$CU$2:$CU$13,0)),"") -> rook | J1: =IF(COUNTIF(Engine!$AH$305:$CS$305,"bK")=0,"White wins - Black king captured",IF(COUNTIF(Engine!$AH$305:$CS$305,"wK")=0,"Black wins - White king captured",IF(MOD(Engine!$B$2,2)=0,"White","Black")&" to move (move "&(INT(Engine!$B$2/2)+1)&")")) -> White to move (move 1) | Z1: helper: last from/to | AA1: =Engine!$F$2 -> 0 | AB1: =Engine!$H$2 -> 0
A2: =IFERROR(INDEX(Engine!$CV$2:$CV$13,MATCH(Engine!AP$305,Engine!$CU$2:$CU$13,0)),"") -> pawn | B2: =IFERROR(INDEX(Engine!$CV$2:$CV$13,MATCH(Engine!AQ$305,Engine!$CU$2:$CU$13,0)),"") -> pawn | C2: =IFERROR(INDEX(Engine!$CV$2:$CV$13,MATCH(Engine!AR$305,Engine!$CU$2:$CU$13,0)),"") -> pawn | D2: =IFERROR(INDEX(Engine!$CV$2:$CV$13,MATCH(Engine!AS$305,Engine!$CU$2:$CU$13,0)),"") -> pawn | E2: =IFERROR(INDEX(Engine!$CV$2:$CV$13,MATCH(Engine!AT$305,Engine!$CU$2:$CU$13,0)),"") -> pawn | F2: =IFERROR(INDEX(Engine!$CV$2:$CV$13,MATCH(Engine!AU$305,Engine!$CU$2:$CU$13,0)),"") -> pawn | G2: =IFERROR(INDEX(Engine!$CV$2:$CV$13,MATCH(Engine!AV$305,Engine!$CU$2:$CU$13,0)),"") -> pawn | H2: =IFERROR(INDEX(Engine!$CV$2:$CV$13,MATCH(Engine!AW$305,Engine!$CU$2:$CU$13,0)),"") -> pawn | J2: =IF(COUNTA($L$10:$L$309)=0,"Type White's first move in the yellow cell below, e.g. e2e4","Last entry: "&INDEX($M$10:$M$309,COUNTA($L$10:$L$309))) -> Type White's first move in the yellow cell below, e.g. e2e4
A3: =IFERROR(INDEX(Engine!$CV$2:$CV$13,MATCH(Engine!AX$305,Engine!$CU$2:$CU$13,0)),"") | B3: =IFERROR(INDEX(Engine!$CV$2:$CV$13,MATCH(Engine!AY$305,Engine!$CU$2:$CU$13,0)),"") | C3: =IFERROR(INDEX(Engine!$CV$2:$CV$13,MATCH(Engine!AZ$305,Engine!$CU$2:$CU$13,0)),"") | D3: =IFERROR(INDEX(Engine!$CV$2:$CV$13,MATCH(Engine!BA$305,Engine!$CU$2:$CU$13,0)),"") | E3: =IFERROR(INDEX(Engine!$CV$2:$CV$13,MATCH(Engine!BB$305,Engine!$CU$2:$CU$13,0)),"") | F3: =IFERROR(INDEX(Engine!$CV$2:$CV$13,MATCH(Engine!BC$305,Engine!$CU$2:$CU$13,0)),"") | G3: =IFERROR(INDEX(Engine!$CV$2:$CV$13,MATCH(Engine!BD$305,Engine!$CU$2:$CU$13,0)),"") | H3: =IFERROR(INDEX(Engine!$CV$2:$CV$13,MATCH(Engine!BE$305,Engine!$CU$2:$CU$13,0)),"") | J3: Board: columns A-H = files a-h, rows 1-8 = ranks. White = lowercase (rows 1-2), BLACK = UPPERCASE in red (rows 7-8).
A4: =IFERROR(INDEX(Engine!$CV$2:$CV$13,MATCH(Engine!BF$305,Engine!$CU$2:$CU$13,0)),"") | B4: =IFERROR(INDEX(Engine!$CV$2:$CV$13,MATCH(Engine!BG$305,Engine!$CU$2:$CU$13,0)),"") | C4: =IFERROR(INDEX(Engine!$CV$2:$CV$13,MATCH(Engine!BH$305,Engine!$CU$2:$CU$13,0)),"") | D4: =IFERROR(INDEX(Engine!$CV$2:$CV$13,MATCH(Engine!BI$305,Engine!$CU$2:$CU$13,0)),"") | E4: =IFERROR(INDEX(Engine!$CV$2:$CV$13,MATCH(Engine!BJ$305,Engine!$CU$2:$CU$13,0)),"") | F4: =IFERROR(INDEX(Engine!$CV$2:$CV$13,MATCH(Engine!BK$305,Engine!$CU$2:$CU$13,0)),"") | G4: =IFERROR(INDEX(Engine!$CV$2:$CV$13,MATCH(Engine!BL$305,Engine!$CU$2:$CU$13,0)),"") | H4: =IFERROR(INDEX(Engine!$CV$2:$CV$13,MATCH(Engine!BM$305,Engine!$CU$2:$CU$13,0)),"") | J4: Moves: from-square + to-square (e2e4). Castle = king moves 2 (e1g1). Promotion auto-queens, or add q/r/b/n (e7e8n). En passant works.
A5: =IFERROR(INDEX(Engine!$CV$2:$CV$13,MATCH(Engine!BN$305,Engine!$CU$2:$CU$13,0)),"") | B5: =IFERROR(INDEX(Engine!$CV$2:$CV$13,MATCH(Engine!BO$305,Engine!$CU$2:$CU$13,0)),"") | C5: =IFERROR(INDEX(Engine!$CV$2:$CV$13,MATCH(Engine!BP$305,Engine!$CU$2:$CU$13,0)),"") | D5: =IFERROR(INDEX(Engine!$CV$2:$CV$13,MATCH(Engine!BQ$305,Engine!$CU$2:$CU$13,0)),"") | E5: =IFERROR(INDEX(Engine!$CV$2:$CV$13,MATCH(Engine!BR$305,Engine!$CU$2:$CU$13,0)),"") | F5: =IFERROR(INDEX(Engine!$CV$2:$CV$13,MATCH(Engine!BS$305,Engine!$CU$2:$CU$13,0)),"") | G5: =IFERROR(INDEX(Engine!$CV$2:$CV$13,MATCH(Engine!BT$305,Engine!$CU$2:$CU$13,0)),"") | H5: =IFERROR(INDEX(Engine!$CV$2:$CV$13,MATCH(Engine!BU$305,Engine!$CU$2:$CU$13,0)),"") | J5: Bad move = red X, just overwrite it. To restart, clear the yellow cells. Check/checkmate are NOT enforced; capturing a king ends the game.
A6: =IFERROR(INDEX(Engine!$CV$2:$CV$13,MATCH(Engine!BV$305,Engine!$CU$2:$CU$13,0)),"") | B6: =IFERROR(INDEX(Engine!$CV$2:$CV$13,MATCH(Engine!BW$305,Engine!$CU$2:$CU$13,0)),"") | C6: =IFERROR(INDEX(Engine!$CV$2:$CV$13,MATCH(Engine!BX$305,Engine!$CU$2:$CU$13,0)),"") | D6: =IFERROR(INDEX(Engine!$CV$2:$CV$13,MATCH(Engine!BY$305,Engine!$CU$2:$CU$13,0)),"") | E6: =IFERROR(INDEX(Engine!$CV$2:$CV$13,MATCH(Engine!BZ$305,Engine!$CU$2:$CU$13,0)),"") | F6: =IFERROR(INDEX(Engine!$CV$2:$CV$13,MATCH(Engine!CA$305,Engine!$CU$2:$CU$13,0)),"") | G6: =IFERROR(INDEX(Engine!$CV$2:$CV$13,MATCH(Engine!CB$305,Engine!$CU$2:$CU$13,0)),"") | H6: =IFERROR(INDEX(Engine!$CV$2:$CV$13,MATCH(Engine!CC$305,Engine!$CU$2:$CU$13,0)),"") | J6: ="Captured by White: "&REPT("P",MAX(0,8-COUNTIF(Engine!$AH$305:$CS$305,"bP")))&" "&REPT("N",MAX(0,2-COUNTIF(Engine!$AH$305:$CS$305,"bN")))&" "&REPT("B",MAX(0,2-COUNTIF(Engine!$AH$305:$CS$305,"bB")))&" "&REPT("R",MAX(0,2-COUNTIF(Engine!$AH$305:$CS$305,"bR")))&" "&REPT("Q",MAX(0,1-COUNTIF(Engine!$AH$305:$CS$305,"bQ"))) -> Captured by White:
A7: =IFERROR(INDEX(Engine!$CV$2:$CV$13,MATCH(Engine!CD$305,Engine!$CU$2:$CU$13,0)),"") -> PAWN | B7: =IFERROR(INDEX(Engine!$CV$2:$CV$13,MATCH(Engine!CE$305,Engine!$CU$2:$CU$13,0)),"") -> PAWN | C7: =IFERROR(INDEX(Engine!$CV$2:$CV$13,MATCH(Engine!CF$305,Engine!$CU$2:$CU$13,0)),"") -> PAWN | D7: =IFERROR(INDEX(Engine!$CV$2:$CV$13,MATCH(Engine!CG$305,Engine!$CU$2:$CU$13,0)),"") -> PAWN | E7: =IFERROR(INDEX(Engine!$CV$2:$CV$13,MATCH(Engine!CH$305,Engine!$CU$2:$CU$13,0)),"") -> PAWN | F7: =IFERROR(INDEX(Engine!$CV$2:$CV$13,MATCH(Engine!CI$305,Engine!$CU$2:$CU$13,0)),"") -> PAWN | G7: =IFERROR(INDEX(Engine!$CV$2:$CV$13,MATCH(Engine!CJ$305,Engine!$CU$2:$CU$13,0)),"") -> PAWN | H7: =IFERROR(INDEX(Engine!$CV$2:$CV$13,MATCH(Engine!CK$305,Engine!$CU$2:$CU$13,0)),"") -> PAWN | J7: ="Captured by Black: "&REPT("P",MAX(0,8-COUNTIF(Engine!$AH$305:$CS$305,"wP")))&" "&REPT("N",MAX(0,2-COUNTIF(Engine!$AH$305:$CS$305,"wN")))&" "&REPT("B",MAX(0,2-COUNTIF(Engine!$AH$305:$CS$305,"wB")))&" "&REPT("R",MAX(0,2-COUNTIF(Engine!$AH$305:$CS$305,"wR")))&" "&REPT("Q",MAX(0,1-COUNTIF(Engine!$AH$305:$CS$305,"wQ"))) -> Captured by Black:
A8: =IFERROR(INDEX(Engine!$CV$2:$CV$13,MATCH(Engine!CL$305,Engine!$CU$2:$CU$13,0)),"") -> ROOK | B8: =IFERROR(INDEX(Engine!$CV$2:$CV$13,MATCH(Engine!CM$305,Engine!$CU$2:$CU$13,0)),"") -> KNIGHT | C8: =IFERROR(INDEX(Engine!$CV$2:$CV$13,MATCH(Engine!CN$305,Engine!$CU$2:$CU$13,0)),"") -> BISHOP | D8: =IFERROR(INDEX(Engine!$CV$2:$CV$13,MATCH(Engine!CO$305,Engine!$CU$2:$CU$13,0)),"") -> QUEEN | E8: =IFERROR(INDEX(Engine!$CV$2:$CV$13,MATCH(Engine!CP$305,Engine!$CU$2:$CU$13,0)),"") -> KING | F8: =IFERROR(INDEX(Engine!$CV$2:$CV$13,MATCH(Engine!CQ$305,Engine!$CU$2:$CU$13,0)),"") -> BISHOP | G8: =IFERROR(INDEX(Engine!$CV$2:$CV$13,MATCH(Engine!CR$305,Engine!$CU$2:$CU$13,0)),"") -> KNIGHT | H8: =IFERROR(INDEX(Engine!$CV$2:$CV$13,MATCH(Engine!CS$305,Engine!$CU$2:$CU$13,0)),"") -> ROOK
J9: # | K9: Side | L9: Move | M9: Result
J10: 1 | K10: =IF(OR(Engine!$B6<>"",ROW()-9=COUNTA($L$10:$L$309)+1),IF(Engine!$F6="w","White","Black"),"") -> White | M10: =Engine!$AF6
J11: 2 | K11: =IF(OR(Engine!$B7<>"",ROW()-9=COUNTA($L$10:$L$309)+1),IF(Engine!$F7="w","White","Black"),"") | M11: =Engine!$AF7
J12: 3 | K12: =IF(OR(Engine!$B8<>"",ROW()-9=COUNTA($L$10:$L$309)+1),IF(Engine!$F8="w","White","Black"),"") | M12: =Engine!$AF8
J13: 4 | K13: =IF(OR(Engine!$B9<>"",ROW()-9=COUNTA($L$10:$L$309)+1),IF(Engine!$F9="w","White","Black"),"") | M13: =Engine!$AF9
J14: 5 | K14: =IF(OR(Engine!$B10<>"",ROW()-9=COUNTA($L$10:$L$309)+1),IF(Engine!$F10="w","White","Black"),"") | M14: =Engine!$AF10
J15: 6 | K15: =IF(OR(Engine!$B11<>"",ROW()-9=COUNTA($L$10:$L$309)+1),IF(Engine!$F11="w","White","Black"),"") | M15: =Engine!$AF11
J16: 7 | K16: =IF(OR(Engine!$B12<>"",ROW()-9=COUNTA($L$10:$L$309)+1),IF(Engine!$F12="w","White","Black"),"") | M16: =Engine!$AF12
J17: 8 | K17: =IF(OR(Engine!$B13<>"",ROW()-9=COUNTA($L$10:$L$309)+1),IF(Engine!$F13="w","White","Black"),"") | M17: =Engine!$AF13
J18: 9 | K18: =IF(OR(Engine!$B14<>"",ROW()-9=COUNTA($L$10:$L$309)+1),IF(Engine!$F14="w","White","Black"),"") | M18: =Engine!$AF14
J19: 10 | K19: =IF(OR(Engine!$B15<>"",ROW()-9=COUNTA($L$10:$L$309)+1),IF(Engine!$F15="w","White","Black"),"") | M19: =Engine!$AF15
J20: 11 | K20: =IF(OR(Engine!$B16<>"",ROW()-9=COUNTA($L$10:$L$309)+1),IF(Engine!$F16="w","White","Black"),"") | M20: =Engine!$AF16
J21: 12 | K21: =IF(OR(Engine!$B17<>"",ROW()-9=COUNTA($L$10:$L$309)+1),IF(Engine!$F17="w","White","Black"),"") | M21: =Engine!$AF17
... J309: 300 | K309: =IF(OR(Engine!$B305<>"",ROW()-9=COUNTA($L$10:$L$309)+1),IF(Engine!$F305="w","White","Black"),"") | M309: =Engine!$AF305

Sheet Engine
A1: ENGINE - recalculates the position after every move. Don't edit; play on the Chess tab. | CU1: code | CV1: name
A2: Valid plies | B2: =SUM($P$6:$P$305) -> 0 | C2: Last valid ply | D2: =SUMPRODUCT(MAX(($P$6:$P$305=1)*$A$6:$A$305)) -> 0 | E2: Last from | F2: =IF($D$2=0,0,INDEX($D$6:$D$305,$D$2)) -> 0 | G2: Last to | H2: =IF($D$2=0,0,INDEX($E$6:$E$305,$D$2)) -> 0 | CU2: wK | CV2: king
AH3: 1 | AI3: 2 | AJ3: 3 | AK3: 4 | AL3: 5 | AM3: 6 | AN3: 7 | AO3: 8 | AP3: 9 | AQ3: 10 | AR3: 11 | AS3: 12 | AT3: 13 | AU3: 14 | AV3: 15 | AW3: 16 | AX3: 17 | AY3: 18 | AZ3: 19 | BA3: 20 | BB3: 21 | BC3: 22 | BD3: 23 | BE3: 24 | BF3: 25 | BG3: 26 | BH3: 27 | BI3: 28 | BJ3: 29 | BK3: 30 | BL3: 31 | BM3: 32 | BN3: 33 | BO3: 34 | BP3: 35 | BQ3: 36 | BR3: 37 | BS3: 38 | BT3: 39 | BU3: 40 | BV3: 41 | BW3: 42 | BX3: 43 | BY3: 44 | BZ3: 45 | CA3: 46 | CB3: 47 | CC3: 48 | CD3: 49 | CE3: 50 | CF3: 51 | CG3: 52 | CH3: 53 | CI3: 54 | CJ3: 55 | CK3: 56 | CL3: 57 | CM3: 58 | CN3: 59 | CO3: 60 | CP3: 61 | CQ3: 62 | CR3: 63 | CS3: 64 | CU3: wQ | CV3: queen
A4: Ply | B4: Input | C4: Clean | D4: From | E4: To | F4: Side | G4: Piece | H4: Target | I4: dFile | J4: dRank | K4: Type | L4: Blockers | M4: CastleOK | N4: PawnOK | O4: ShapeOK | P4: Valid | Q4: Reason | R4: EP target | S4: wK moved | T4: wRa moved | U4: wRh moved | V4: bK moved | W4: bRa moved | X4: bRh moved | Y4: Castle | Z4: En passant | AA4: Promo | AB4: Promo pc | AC4: Rook from | AD4: Rook to | AE4: EP captured | AF4: Description | AH4: a1 | AI4: b1 | AJ4: c1 | AK4: d1 | AL4: e1 | AM4: f1 | AN4: g1 | AO4: h1 | AP4: a2 | AQ4: b2 | AR4: c2 | AS4: d2 | AT4: e2 | AU4: f2 | AV4: g2 | AW4: h2 | AX4: a3 | AY4: b3 | AZ4: c3 | BA4: d3 | BB4: e3 | BC4: f3 | BD4: g3 | BE4: h3 | BF4: a4 | BG4: b4 | BH4: c4 | BI4: d4 | BJ4: e4 | BK4: f4 | BL4: g4 | BM4: h4 | BN4: a5 | BO4: b5 | BP4: c5 | BQ4: d5 | BR4: e5 | BS4: f5 | BT4: g5 | BU4: h5 | BV4: a6 | BW4: b6 | BX4: c6 | BY4: d6 | BZ4: e6 | CA4: f6 | CB4: g6 | CC4: h6 | CD4: a7 | CE4: b7 | CF4: c7 | CG4: d7 | CH4: e7 | CI4: f7 | CJ4: g7 | CK4: h7 | CL4: a8 | CM4: b8 | CN4: c8 | CO4: d8 | CP4: e8 | CQ4: f8 | CR4: g8 | CS4: h8 | CU4: wR | CV4: rook
P5: 0 | Q5: Start position | R5: 0 | S5: 0 | T5: 0 | U5: 0 | V5: 0 | W5: 0 | X5: 0 | AH5: wR | AI5: wN | AJ5: wB | AK5: wQ | AL5: wK | AM5: wB | AN5: wN | AO5: wR | AP5: wP | AQ5: wP | AR5: wP | AS5: wP | AT5: wP | AU5: wP | AV5: wP | AW5: wP | AX5: ="" | AY5: ="" | AZ5: ="" | BA5: ="" | BB5: ="" | BC5: ="" | BD5: ="" | BE5: ="" | ... CC5: ="" | CD5: bP | CE5: bP | CF5: bP | CG5: bP | CH5: bP | CI5: bP | CJ5: bP | CK5: bP | CL5: bR | CM5: bN | CN5: bB | CO5: bQ | CP5: bK | CQ5: bB | CR5: bN | CS5: bR | CU5: wB | CV5: bishop
A6: 1 | B6: =IF(Chess!$L$10="","",Chess!$L$10&"") | C6: =LOWER(SUBSTITUTE(SUBSTITUTE(SUBSTITUTE(SUBSTITUTE(TRIM($B6),"-",""),"=","")," ",""),"x","")) | D6: =IF(LEN($C6)<4,0,IFERROR(IF(AND(CODE(MID($C6,1,1))>=97,CODE(MID($C6,1,1))<=104,VALUE(MID($C6,2,1))>=1,VALUE(MID($C6,2,1))<=8),(VALUE(MID($C6,2,1))-1)*8+CODE(MID($C6,1,1))-96,0),0)) -> 0 | E6: =IF(LEN($C6)<4,0,IFERROR(IF(AND(CODE(MID($C6,3,1))>=97,CODE(MID($C6,3,1))<=104,VALUE(MID($C6,4,1))>=1,VALUE(MID($C6,4,1))<=8),(VALUE(MID($C6,4,1))-1)*8+CODE(MID($C6,3,1))-96,0),0)) -> 0 | F6: =IF(MOD(SUM($P$5:$P5),2)=0,"w","b") -> w | G6: =IF($D6=0,"",INDEX($AH5:$CS5,1,$D6)&"") | H6: =IF($E6=0,"",INDEX($AH5:$CS5,1,$E6)&"") | I6: =IF(OR($D6=0,$E6=0),0,MOD($E6-1,8)-MOD($D6-1,8)) -> 0 | J6: =IF(OR($D6=0,$E6=0),0,INT(($E6-1)/8)-INT(($D6-1)/8)) -> 0 | K6: =IF($G6="","",RIGHT($G6,1)) | L6: =IF(OR($D6=0,$E6=0),0,SUMPRODUCT(($AH$3:$CS$3>MIN($D6,$E6))*($AH$3:$CS$3<MAX($D6,$E6))*(MOD($AH$3:$CS$3-MIN($D6,$E6),MAX(1,ABS(SIGN($J6)*8+SIGN($I6))))=0)*($AH5:$CS5<>""))) -> 0 | M6: =IF($K6<>"K",0,IFERROR(--AND($J6=0,ABS($I6)=2,$D6=IF($F6="w",5,61),IF($F6="w",$S5,$V5)=0,IF($I6=2,AND(IF($F6="w",$U5,$X5)=0,INDEX($AH5:$CS5,1,$D6+1)&""="",INDEX($AH5:$CS5,1,$D6+2)&""=""),AND(IF($F6="w",$T5,$W5)=0,INDEX($AH5:$CS5,1,$D6-1)&""="",INDEX($AH5:$CS5,1,$D6-2)&""="",INDEX($AH5:$CS5,1,$D6-3)&""=""))),0)) -> 0 | N6: =IF($K6<>"P",0,IFERROR(--OR(AND($I6=0,$J6=IF($F6="w",1,-1),$H6=""),AND($I6=0,$J6=2*IF($F6="w",1,-1),$H6="",INT(($D6-1)/8)=IF($F6="w",1,6),INDEX($AH5:$CS5,1,MAX(1,MIN(64,$D6+8*IF($F6="w",1,-1))))&""=""),AND(ABS($I6)=1,$J6=IF($F6="w",1,-1),$H6<>""),AND(ABS($I6)=1,$J6=IF($F6="w",1,-1),$H6="",$R5>0,$E6=$R5)),0)) -> 0 | O6: =IF(OR($D6=0,$E6=0,$G6=""),0,IF($K6="N",--OR(AND(ABS($I6)=1,ABS($J6)=2),AND(ABS($I6)=2,ABS($J6)=1)),IF($K6="B",--AND(ABS($I6)=ABS($J6),$I6<>0,$L6=0),IF($K6="R",--AND(OR($I6=0,$J6=0),OR($I6<>0,$J6<>0),$L6=0),IF($K6="Q",--AND(OR(AND(ABS($I6)=ABS($J6),$I6<>0),AND(OR($I6=0,$J6=0),OR($I6<>0,$J6<>0))),$L6=0),IF($K6="K",--OR(MAX(ABS($I6),ABS($J6))=1,$M6=1),$N6)))))) -> 0 | P6: =IF($Q6="OK",1,0) -> 0 | Q6: =IF($B6="","",IF(OR(COUNTIF($AH5:$CS5,"wK")=0,COUNTIF($AH5:$CS5,"bK")=0),"Game is over",IF(OR($D6=0,$E6=0),"Use the format e2e4",IF($G6="","No piece on that square",IF(LEFT($G6,1)<>$F6,"Not your piece ("&IF($F6="w","White","Black")&" to move)",IF($D6=$E6,"Piece must move",IF(AND($H6<>"",LEFT($H6,1)=$F6),"Cannot capture your own piece",IF($O6=0,"Illegal move for that piece (or path blocked)","OK")))))))) | R6: =IF($P6=1,IF(AND($K6="P",ABS($J6)=2),($D6+$E6)/2,0),$R5) -> 0 | S6: =--OR($S5=1,AND($P6=1,OR($D6=5,$E6=5))) -> FALSE | T6: =--OR($T5=1,AND($P6=1,OR($D6=1,$E6=1))) -> FALSE | U6: =--OR($U5=1,AND($P6=1,OR($D6=8,$E6=8))) -> FALSE | V6: =--OR($V5=1,AND($P6=1,OR($D6=61,$E6=61))) -> FALSE | W6: =--OR($W5=1,AND($P6=1,OR($D6=57,$E6=57))) -> FALSE | X6: =--OR($X5=1,AND($P6=1,OR($D6=64,$E6=64))) -> FALSE | Y6: =--AND($P6=1,$K6="K",ABS($I6)=2) -> FALSE | Z6: =--AND($P6=1,$K6="P",ABS($I6)=1,$H6="") -> FALSE | AA6: =--AND($P6=1,$K6="P",INT(($E6-1)/8)=IF($F6="w",7,0)) -> FALSE | AB6: =IF(LEN($C6)>=5,IF(ISNUMBER(FIND(MID($C6,5,1),"qrbn")),UPPER(MID($C6,5,1)),"Q"),"Q") -> Q | AC6: =IF($Y6=1,IF($I6=2,$D6+3,$D6-4),0) -> 0 | AD6: =IF($Y6=1,IF($I6=2,$D6+1,$D6-1),0) -> 0 | AE6: =IF($Z6=1,$E6-8*IF($F6="w",1,-1),0) -> 0 | AF6: =IF($B6="","",IF($P6=1,LOWER(INDEX($CV$2:$CV$13,MATCH($G6,$CU$2:$CU$13,0)))&" "&MID("abcdefgh",MOD($D6-1,8)+1,1)&(INT(($D6-1)/8)+1)&"→"&MID("abcdefgh",MOD($E6-1,8)+1,1)&(INT(($E6-1)/8)+1)&IF(OR($H6<>"",$Z6=1)," ×","")&IF($Y6=1," castles","")&IF($Z6=1," e.p.","")&IF($AA6=1," =" &LOWER(INDEX($CV$2:$CV$13,MATCH($F6&$AB6,$CU$2:$CU$13,0))),""),"X "&$Q6)) | AH6: =IF($P6=0,AH5,IF(AH$3=$E6,IF($AA6=1,$F6&$AB6,$G6),IF(OR(AH$3=$D6,AH$3=$AC6,AH$3=$AE6),"",IF(AH$3=$AD6,$F6&"R",AH5)))) -> wR | AI6: =IF($P6=0,AI5,IF(AI$3=$E6,IF($AA6=1,$F6&$AB6,$G6),IF(OR(AI$3=$D6,AI$3=$AC6,AI$3=$AE6),"",IF(AI$3=$AD6,$F6&"R",AI5)))) -> wN | AJ6: =IF($P6=0,AJ5,IF(AJ$3=$E6,IF($AA6=1,$F6&$AB6,$G6),IF(OR(AJ$3=$D6,AJ$3=$AC6,AJ$3=$AE6),"",IF(AJ$3=$AD6,$F6&"R",AJ5)))) -> wB | AK6: =IF($P6=0,AK5,IF(AK$3=$E6,IF($AA6=1,$F6&$AB6,$G6),IF(OR(AK$3=$D6,AK$3=$AC6,AK$3=$AE6),"",IF(AK$3=$AD6,$F6&"R",AK5)))) -> wQ | AL6: =IF($P6=0,AL5,IF(AL$3=$E6,IF($AA6=1,$F6&$AB6,$G6),IF(OR(AL$3=$D6,AL$3=$AC6,AL$3=$AE6),"",IF(AL$3=$AD6,$F6&"R",AL5)))) -> wK | AM6: =IF($P6=0,AM5,IF(AM$3=$E6,IF($AA6=1,$F6&$AB6,$G6),IF(OR(AM$3=$D6,AM$3=$AC6,AM$3=$AE6),"",IF(AM$3=$AD6,$F6&"R",AM5)))) -> wB | AN6: =IF($P6=0,AN5,IF(AN$3=$E6,IF($AA6=1,$F6&$AB6,$G6),IF(OR(AN$3=$D6,AN$3=$AC6,AN$3=$AE6),"",IF(AN$3=$AD6,$F6&"R",AN5)))) -> wN | AO6: =IF($P6=0,AO5,IF(AO$3=$E6,IF($AA6=1,$F6&$AB6,$G6),IF(OR(AO$3=$D6,AO$3=$AC6,AO$3=$AE6),"",IF(AO$3=$AD6,$F6&"R",AO5)))) -> wR | ... CS6: =IF($P6=0,CS5,IF(CS$3=$E6,IF($AA6=1,$F6&$AB6,$G6),IF(OR(CS$3=$D6,CS$3=$AC6,CS$3=$AE6),"",IF(CS$3=$AD6,$F6&"R",CS5)))) -> bR | CU6: wN | CV6: knight
A7: 2 | B7: =IF(Chess!$L$11="","",Chess!$L$11&"") | C7: =LOWER(SUBSTITUTE(SUBSTITUTE(SUBSTITUTE(SUBSTITUTE(TRIM($B7),"-",""),"=","")," ",""),"x","")) | D7: =IF(LEN($C7)<4,0,IFERROR(IF(AND(CODE(MID($C7,1,1))>=97,CODE(MID($C7,1,1))<=104,VALUE(MID($C7,2,1))>=1,VALUE(MID($C7,2,1))<=8),(VALUE(MID($C7,2,1))-1)*8+CODE(MID($C7,1,1))-96,0),0)) -> 0 | E7: =IF(LEN($C7)<4,0,IFERROR(IF(AND(CODE(MID($C7,3,1))>=97,CODE(MID($C7,3,1))<=104,VALUE(MID($C7,4,1))>=1,VALUE(MID($C7,4,1))<=8),(VALUE(MID($C7,4,1))-1)*8+CODE(MID($C7,3,1))-96,0),0)) -> 0 | F7: =IF(MOD(SUM($P$5:$P6),2)=0,"w","b") -> w | G7: =IF($D7=0,"",INDEX($AH6:$CS6,1,$D7)&"") | H7: =IF($E7=0,"",INDEX($AH6:$CS6,1,$E7)&"") | I7: =IF(OR($D7=0,$E7=0),0,MOD($E7-1,8)-MOD($D7-1,8)) -> 0 | J7: =IF(OR($D7=0,$E7=0),0,INT(($E7-1)/8)-INT(($D7-1)/8)) -> 0 | K7: =IF($G7="","",RIGHT($G7,1)) | L7: =IF(OR($D7=0,$E7=0),0,SUMPRODUCT(($AH$3:$CS$3>MIN($D7,$E7))*($AH$3:$CS$3<MAX($D7,$E7))*(MOD($AH$3:$CS$3-MIN($D7,$E7),MAX(1,ABS(SIGN($J7)*8+SIGN($I7))))=0)*($AH6:$CS6<>""))) -> 0 | M7: =IF($K7<>"K",0,IFERROR(--AND($J7=0,ABS($I7)=2,$D7=IF($F7="w",5,61),IF($F7="w",$S6,$V6)=0,IF($I7=2,AND(IF($F7="w",$U6,$X6)=0,INDEX($AH6:$CS6,1,$D7+1)&""="",INDEX($AH6:$CS6,1,$D7+2)&""=""),AND(IF($F7="w",$T6,$W6)=0,INDEX($AH6:$CS6,1,$D7-1)&""="",INDEX($AH6:$CS6,1,$D7-2)&""="",INDEX($AH6:$CS6,1,$D7-3)&""=""))),0)) -> 0 | N7: =IF($K7<>"P",0,IFERROR(--OR(AND($I7=0,$J7=IF($F7="w",1,-1),$H7=""),AND($I7=0,$J7=2*IF($F7="w",1,-1),$H7="",INT(($D7-1)/8)=IF($F7="w",1,6),INDEX($AH6:$CS6,1,MAX(1,MIN(64,$D7+8*IF($F7="w",1,-1))))&""=""),AND(ABS($I7)=1,$J7=IF($F7="w",1,-1),$H7<>""),AND(ABS($I7)=1,$J7=IF($F7="w",1,-1),$H7="",$R6>0,$E7=$R6)),0)) -> 0 | O7: =IF(OR($D7=0,$E7=0,$G7=""),0,IF($K7="N",--OR(AND(ABS($I7)=1,ABS($J7)=2),AND(ABS($I7)=2,ABS($J7)=1)),IF($K7="B",--AND(ABS($I7)=ABS($J7),$I7<>0,$L7=0),IF($K7="R",--AND(OR($I7=0,$J7=0),OR($I7<>0,$J7<>0),$L7=0),IF($K7="Q",--AND(OR(AND(ABS($I7)=ABS($J7),$I7<>0),AND(OR($I7=0,$J7=0),OR($I7<>0,$J7<>0))),$L7=0),IF($K7="K",--OR(MAX(ABS($I7),ABS($J7))=1,$M7=1),$N7)))))) -> 0 | P7: =IF($Q7="OK",1,0) -> 0 | Q7: =IF($B7="","",IF(OR(COUNTIF($AH6:$CS6,"wK")=0,COUNTIF($AH6:$CS6,"bK")=0),"Game is over",IF(OR($D7=0,$E7=0),"Use the format e2e4",IF($G7="","No piece on that square",IF(LEFT($G7,1)<>$F7,"Not your piece ("&IF($F7="w","White","Black")&" to move)",IF($D7=$E7,"Piece must move",IF(AND($H7<>"",LEFT($H7,1)=$F7),"Cannot capture your own piece",IF($O7=0,"Illegal move for that piece (or path blocked)","OK")))))))) | R7: =IF($P7=1,IF(AND($K7="P",ABS($J7)=2),($D7+$E7)/2,0),$R6) -> 0 | S7: =--OR($S6=1,AND($P7=1,OR($D7=5,$E7=5))) -> FALSE | T7: =--OR($T6=1,AND($P7=1,OR($D7=1,$E7=1))) -> FALSE | U7: =--OR($U6=1,AND($P7=1,OR($D7=8,$E7=8))) -> FALSE | V7: =--OR($V6=1,AND($P7=1,OR($D7=61,$E7=61))) -> FALSE | W7: =--OR($W6=1,AND($P7=1,OR($D7=57,$E7=57))) -> FALSE | X7: =--OR($X6=1,AND($P7=1,OR($D7=64,$E7=64))) -> FALSE | Y7: =--AND($P7=1,$K7="K",ABS($I7)=2) -> FALSE | Z7: =--AND($P7=1,$K7="P",ABS($I7)=1,$H7="") -> FALSE | AA7: =--AND($P7=1,$K7="P",INT(($E7-1)/8)=IF($F7="w",7,0)) -> FALSE | AB7: =IF(LEN($C7)>=5,IF(ISNUMBER(FIND(MID($C7,5,1),"qrbn")),UPPER(MID($C7,5,1)),"Q"),"Q") -> Q | AC7: =IF($Y7=1,IF($I7=2,$D7+3,$D7-4),0) -> 0 | AD7: =IF($Y7=1,IF($I7=2,$D7+1,$D7-1),0) -> 0 | AE7: =IF($Z7=1,$E7-8*IF($F7="w",1,-1),0) -> 0 | AF7: =IF($B7="","",IF($P7=1,LOWER(INDEX($CV$2:$CV$13,MATCH($G7,$CU$2:$CU$13,0)))&" "&MID("abcdefgh",MOD($D7-1,8)+1,1)&(INT(($D7-1)/8)+1)&"→"&MID("abcdefgh",MOD($E7-1,8)+1,1)&(INT(($E7-1)/8)+1)&IF(OR($H7<>"",$Z7=1)," ×","")&IF($Y7=1," castles","")&IF($Z7=1," e.p.","")&IF($AA7=1," =" &LOWER(INDEX($CV$2:$CV$13,MATCH($F7&$AB7,$CU$2:$CU$13,0))),""),"X "&$Q7)) | AH7: =IF($P7=0,AH6,IF(AH$3=$E7,IF($AA7=1,$F7&$AB7,$G7),IF(OR(AH$3=$D7,AH$3=$AC7,AH$3=$AE7),"",IF(AH$3=$AD7,$F7&"R",AH6)))) -> wR | AI7: =IF($P7=0,AI6,IF(AI$3=$E7,IF($AA7=1,$F7&$AB7,$G7),IF(OR(AI$3=$D7,AI$3=$AC7,AI$3=$AE7),"",IF(AI$3=$AD7,$F7&"R",AI6)))) -> wN | AJ7: =IF($P7=0,AJ6,IF(AJ$3=$E7,IF($AA7=1,$F7&$AB7,$G7),IF(OR(AJ$3=$D7,AJ$3=$AC7,AJ$3=$AE7),"",IF(AJ$3=$AD7,$F7&"R",AJ6)))) -> wB | AK7: =IF($P7=0,AK6,IF(AK$3=$E7,IF($AA7=1,$F7&$AB7,$G7),IF(OR(AK$3=$D7,AK$3=$AC7,AK$3=$AE7),"",IF(AK$3=$AD7,$F7&"R",AK6)))) -> wQ | AL7: =IF($P7=0,AL6,IF(AL$3=$E7,IF($AA7=1,$F7&$AB7,$G7),IF(OR(AL$3=$D7,AL$3=$AC7,AL$3=$AE7),"",IF(AL$3=$AD7,$F7&"R",AL6)))) -> wK | AM7: =IF($P7=0,AM6,IF(AM$3=$E7,IF($AA7=1,$F7&$AB7,$G7),IF(OR(AM$3=$D7,AM$3=$AC7,AM$3=$AE7),"",IF(AM$3=$AD7,$F7&"R",AM6)))) -> wB | AN7: =IF($P7=0,AN6,IF(AN$3=$E7,IF($AA7=1,$F7&$AB7,$G7),IF(OR(AN$3=$D7,AN$3=$AC7,AN$3=$AE7),"",IF(AN$3=$AD7,$F7&"R",AN6)))) -> wN | AO7: =IF($P7=0,AO6,IF(AO$3=$E7,IF($AA7=1,$F7&$AB7,$G7),IF(OR(AO$3=$D7,AO$3=$AC7,AO$3=$AE7),"",IF(AO$3=$AD7,$F7&"R",AO6)))) -> wR | ... CS7: =IF($P7=0,CS6,IF(CS$3=$E7,IF($AA7=1,$F7&$AB7,$G7),IF(OR(CS$3=$D7,CS$3=$AC7,CS$3=$AE7),"",IF(CS$3=$AD7,$F7&"R",CS6)))) -> bR | CU7: wP | CV7: pawn
A8: 3 | B8: =IF(Chess!$L$12="","",Chess!$L$12&"") | C8: =LOWER(SUBSTITUTE(SUBSTITUTE(SUBSTITUTE(SUBSTITUTE(TRIM($B8),"-",""),"=","")," ",""),"x","")) | D8: =IF(LEN($C8)<4,0,IFERROR(IF(AND(CODE(MID($C8,1,1))>=97,CODE(MID($C8,1,1))<=104,VALUE(MID($C8,2,1))>=1,VALUE(MID($C8,2,1))<=8),(VALUE(MID($C8,2,1))-1)*8+CODE(MID($C8,1,1))-96,0),0)) -> 0 | E8: =IF(LEN($C8)<4,0,IFERROR(IF(AND(CODE(MID($C8,3,1))>=97,CODE(MID($C8,3,1))<=104,VALUE(MID($C8,4,1))>=1,VALUE(MID($C8,4,1))<=8),(VALUE(MID($C8,4,1))-1)*8+CODE(MID($C8,3,1))-96,0),0)) -> 0 | F8: =IF(MOD(SUM($P$5:$P7),2)=0,"w","b") -> w | G8: =IF($D8=0,"",INDEX($AH7:$CS7,1,$D8)&"") | H8: =IF($E8=0,"",INDEX($AH7:$CS7,1,$E8)&"") | I8: =IF(OR($D8=0,$E8=0),0,MOD($E8-1,8)-MOD($D8-1,8)) -> 0 | J8: =IF(OR($D8=0,$E8=0),0,INT(($E8-1)/8)-INT(($D8-1)/8)) -> 0 | K8: =IF($G8="","",RIGHT($G8,1)) | L8: =IF(OR($D8=0,$E8=0),0,SUMPRODUCT(($AH$3:$CS$3>MIN($D8,$E8))*($AH$3:$CS$3<MAX($D8,$E8))*(MOD($AH$3:$CS$3-MIN($D8,$E8),MAX(1,ABS(SIGN($J8)*8+SIGN($I8))))=0)*($AH7:$CS7<>""))) -> 0 | M8: =IF($K8<>"K",0,IFERROR(--AND($J8=0,ABS($I8)=2,$D8=IF($F8="w",5,61),IF($F8="w",$S7,$V7)=0,IF($I8=2,AND(IF($F8="w",$U7,$X7)=0,INDEX($AH7:$CS7,1,$D8+1)&""="",INDEX($AH7:$CS7,1,$D8+2)&""=""),AND(IF($F8="w",$T7,$W7)=0,INDEX($AH7:$CS7,1,$D8-1)&""="",INDEX($AH7:$CS7,1,$D8-2)&""="",INDEX($AH7:$CS7,1,$D8-3)&""=""))),0)) -> 0 | N8: =IF($K8<>"P",0,IFERROR(--OR(AND($I8=0,$J8=IF($F8="w",1,-1),$H8=""),AND($I8=0,$J8=2*IF($F8="w",1,-1),$H8="",INT(($D8-1)/8)=IF($F8="w",1,6),INDEX($AH7:$CS7,1,MAX(1,MIN(64,$D8+8*IF($F8="w",1,-1))))&""=""),AND(ABS($I8)=1,$J8=IF($F8="w",1,-1),$H8<>""),AND(ABS($I8)=1,$J8=IF($F8="w",1,-1),$H8="",$R7>0,$E8=$R7)),0)) -> 0 | O8: =IF(OR($D8=0,$E8=0,$G8=""),0,IF($K8="N",--OR(AND(ABS($I8)=1,ABS($J8)=2),AND(ABS($I8)=2,ABS($J8)=1)),IF($K8="B",--AND(ABS($I8)=ABS($J8),$I8<>0,$L8=0),IF($K8="R",--AND(OR($I8=0,$J8=0),OR($I8<>0,$J8<>0),$L8=0),IF($K8="Q",--AND(OR(AND(ABS($I8)=ABS($J8),$I8<>0),AND(OR($I8=0,$J8=0),OR($I8<>0,$J8<>0))),$L8=0),IF($K8="K",--OR(MAX(ABS($I8),ABS($J8))=1,$M8=1),$N8)))))) -> 0 | P8: =IF($Q8="OK",1,0) -> 0 | Q8: =IF($B8="","",IF(OR(COUNTIF($AH7:$CS7,"wK")=0,COUNTIF($AH7:$CS7,"bK")=0),"Game is over",IF(OR($D8=0,$E8=0),"Use the format e2e4",IF($G8="","No piece on that square",IF(LEFT($G8,1)<>$F8,"Not your piece ("&IF($F8="w","White","Black")&" to move)",IF($D8=$E8,"Piece must move",IF(AND($H8<>"",LEFT($H8,1)=$F8),"Cannot capture your own piece",IF($O8=0,"Illegal move for that piece (or path blocked)","OK")))))))) | R8: =IF($P8=1,IF(AND($K8="P",ABS($J8)=2),($D8+$E8)/2,0),$R7) -> 0 | S8: =--OR($S7=1,AND($P8=1,OR($D8=5,$E8=5))) -> FALSE | T8: =--OR($T7=1,AND($P8=1,OR($D8=1,$E8=1))) -> FALSE | U8: =--OR($U7=1,AND($P8=1,OR($D8=8,$E8=8))) -> FALSE | V8: =--OR($V7=1,AND($P8=1,OR($D8=61,$E8=61))) -> FALSE | W8: =--OR($W7=1,AND($P8=1,OR($D8=57,$E8=57))) -> FALSE | X8: =--OR($X7=1,AND($P8=1,OR($D8=64,$E8=64))) -> FALSE | Y8: =--AND($P8=1,$K8="K",ABS($I8)=2) -> FALSE | Z8: =--AND($P8=1,$K8="P",ABS($I8)=1,$H8="") -> FALSE | AA8: =--AND($P8=1,$K8="P",INT(($E8-1)/8)=IF($F8="w",7,0)) -> FALSE | AB8: =IF(LEN($C8)>=5,IF(ISNUMBER(FIND(MID($C8,5,1),"qrbn")),UPPER(MID($C8,5,1)),"Q"),"Q") -> Q | AC8: =IF($Y8=1,IF($I8=2,$D8+3,$D8-4),0) -> 0 | AD8: =IF($Y8=1,IF($I8=2,$D8+1,$D8-1),0) -> 0 | AE8: =IF($Z8=1,$E8-8*IF($F8="w",1,-1),0) -> 0 | AF8: =IF($B8="","",IF($P8=1,LOWER(INDEX($CV$2:$CV$13,MATCH($G8,$CU$2:$CU$13,0)))&" "&MID("abcdefgh",MOD($D8-1,8)+1,1)&(INT(($D8-1)/8)+1)&"→"&MID("abcdefgh",MOD($E8-1,8)+1,1)&(INT(($E8-1)/8)+1)&IF(OR($H8<>"",$Z8=1)," ×","")&IF($Y8=1," castles","")&IF($Z8=1," e.p.","")&IF($AA8=1," =" &LOWER(INDEX($CV$2:$CV$13,MATCH($F8&$AB8,$CU$2:$CU$13,0))),""),"X "&$Q8)) | AH8: =IF($P8=0,AH7,IF(AH$3=$E8,IF($AA8=1,$F8&$AB8,$G8),IF(OR(AH$3=$D8,AH$3=$AC8,AH$3=$AE8),"",IF(AH$3=$AD8,$F8&"R",AH7)))) -> wR | AI8: =IF($P8=0,AI7,IF(AI$3=$E8,IF($AA8=1,$F8&$AB8,$G8),IF(OR(AI$3=$D8,AI$3=$AC8,AI$3=$AE8),"",IF(AI$3=$AD8,$F8&"R",AI7)))) -> wN | AJ8: =IF($P8=0,AJ7,IF(AJ$3=$E8,IF($AA8=1,$F8&$AB8,$G8),IF(OR(AJ$3=$D8,AJ$3=$AC8,AJ$3=$AE8),"",IF(AJ$3=$AD8,$F8&"R",AJ7)))) -> wB | AK8: =IF($P8=0,AK7,IF(AK$3=$E8,IF($AA8=1,$F8&$AB8,$G8),IF(OR(AK$3=$D8,AK$3=$AC8,AK$3=$AE8),"",IF(AK$3=$AD8,$F8&"R",AK7)))) -> wQ | AL8: =IF($P8=0,AL7,IF(AL$3=$E8,IF($AA8=1,$F8&$AB8,$G8),IF(OR(AL$3=$D8,AL$3=$AC8,AL$3=$AE8),"",IF(AL$3=$AD8,$F8&"R",AL7)))) -> wK | AM8: =IF($P8=0,AM7,IF(AM$3=$E8,IF($AA8=1,$F8&$AB8,$G8),IF(OR(AM$3=$D8,AM$3=$AC8,AM$3=$AE8),"",IF(AM$3=$AD8,$F8&"R",AM7)))) -> wB | AN8: =IF($P8=0,AN7,IF(AN$3=$E8,IF($AA8=1,$F8&$AB8,$G8),IF(OR(AN$3=$D8,AN$3=$AC8,AN$3=$AE8),"",IF(AN$3=$AD8,$F8&"R",AN7)))) -> wN | AO8: =IF($P8=0,AO7,IF(AO$3=$E8,IF($AA8=1,$F8&$AB8,$G8),IF(OR(AO$3=$D8,AO$3=$AC8,AO$3=$AE8),"",IF(AO$3=$AD8,$F8&"R",AO7)))) -> wR | ... CS8: =IF($P8=0,CS7,IF(CS$3=$E8,IF($AA8=1,$F8&$AB8,$G8),IF(OR(CS$3=$D8,CS$3=$AC8,CS$3=$AE8),"",IF(CS$3=$AD8,$F8&"R",CS7)))) -> bR | CU8: bK | CV8: KING
A9: 4 | B9: =IF(Chess!$L$13="","",Chess!$L$13&"") | C9: =LOWER(SUBSTITUTE(SUBSTITUTE(SUBSTITUTE(SUBSTITUTE(TRIM($B9),"-",""),"=","")," ",""),"x","")) | D9: =IF(LEN($C9)<4,0,IFERROR(IF(AND(CODE(MID($C9,1,1))>=97,CODE(MID($C9,1,1))<=104,VALUE(MID($C9,2,1))>=1,VALUE(MID($C9,2,1))<=8),(VALUE(MID($C9,2,1))-1)*8+CODE(MID($C9,1,1))-96,0),0)) -> 0 | E9: =IF(LEN($C9)<4,0,IFERROR(IF(AND(CODE(MID($C9,3,1))>=97,CODE(MID($C9,3,1))<=104,VALUE(MID($C9,4,1))>=1,VALUE(MID($C9,4,1))<=8),(VALUE(MID($C9,4,1))-1)*8+CODE(MID($C9,3,1))-96,0),0)) -> 0 | F9: =IF(MOD(SUM($P$5:$P8),2)=0,"w","b") -> w | G9: =IF($D9=0,"",INDEX($AH8:$CS8,1,$D9)&"") | H9: =IF($E9=0,"",INDEX($AH8:$CS8,1,$E9)&"") | I9: =IF(OR($D9=0,$E9=0),0,MOD($E9-1,8)-MOD($D9-1,8)) -> 0 | J9: =IF(OR($D9=0,$E9=0),0,INT(($E9-1)/8)-INT(($D9-1)/8)) -> 0 | K9: =IF($G9="","",RIGHT($G9,1)) | L9: =IF(OR($D9=0,$E9=0),0,SUMPRODUCT(($AH$3:$CS$3>MIN($D9,$E9))*($AH$3:$CS$3<MAX($D9,$E9))*(MOD($AH$3:$CS$3-MIN($D9,$E9),MAX(1,ABS(SIGN($J9)*8+SIGN($I9))))=0)*($AH8:$CS8<>""))) -> 0 | M9: =IF($K9<>"K",0,IFERROR(--AND($J9=0,ABS($I9)=2,$D9=IF($F9="w",5,61),IF($F9="w",$S8,$V8)=0,IF($I9=2,AND(IF($F9="w",$U8,$X8)=0,INDEX($AH8:$CS8,1,$D9+1)&""="",INDEX($AH8:$CS8,1,$D9+2)&""=""),AND(IF($F9="w",$T8,$W8)=0,INDEX($AH8:$CS8,1,$D9-1)&""="",INDEX($AH8:$CS8,1,$D9-2)&""="",INDEX($AH8:$CS8,1,$D9-3)&""=""))),0)) -> 0 | N9: =IF($K9<>"P",0,IFERROR(--OR(AND($I9=0,$J9=IF($F9="w",1,-1),$H9=""),AND($I9=0,$J9=2*IF($F9="w",1,-1),$H9="",INT(($D9-1)/8)=IF($F9="w",1,6),INDEX($AH8:$CS8,1,MAX(1,MIN(64,$D9+8*IF($F9="w",1,-1))))&""=""),AND(ABS($I9)=1,$J9=IF($F9="w",1,-1),$H9<>""),AND(ABS($I9)=1,$J9=IF($F9="w",1,-1),$H9="",$R8>0,$E9=$R8)),0)) -> 0 | O9: =IF(OR($D9=0,$E9=0,$G9=""),0,IF($K9="N",--OR(AND(ABS($I9)=1,ABS($J9)=2),AND(ABS($I9)=2,ABS($J9)=1)),IF($K9="B",--AND(ABS($I9)=ABS($J9),$I9<>0,$L9=0),IF($K9="R",--AND(OR($I9=0,$J9=0),OR($I9<>0,$J9<>0),$L9=0),IF($K9="Q",--AND(OR(AND(ABS($I9)=ABS($J9),$I9<>0),AND(OR($I9=0,$J9=0),OR($I9<>0,$J9<>0))),$L9=0),IF($K9="K",--OR(MAX(ABS($I9),ABS($J9))=1,$M9=1),$N9)))))) -> 0 | P9: =IF($Q9="OK",1,0) -> 0 | Q9: =IF($B9="","",IF(OR(COUNTIF($AH8:$CS8,"wK")=0,COUNTIF($AH8:$CS8,"bK")=0),"Game is over",IF(OR($D9=0,$E9=0),"Use the format e2e4",IF($G9="","No piece on that square",IF(LEFT($G9,1)<>$F9,"Not your piece ("&IF($F9="w","White","Black")&" to move)",IF($D9=$E9,"Piece must move",IF(AND($H9<>"",LEFT($H9,1)=$F9),"Cannot capture your own piece",IF($O9=0,"Illegal move for that piece (or path blocked)","OK")))))))) | R9: =IF($P9=1,IF(AND($K9="P",ABS($J9)=2),($D9+$E9)/2,0),$R8) -> 0 | S9: =--OR($S8=1,AND($P9=1,OR($D9=5,$E9=5))) -> FALSE | T9: =--OR($T8=1,AND($P9=1,OR($D9=1,$E9=1))) -> FALSE | U9: =--OR($U8=1,AND($P9=1,OR($D9=8,$E9=8))) -> FALSE | V9: =--OR($V8=1,AND($P9=1,OR($D9=61,$E9=61))) -> FALSE | W9: =--OR($W8=1,AND($P9=1,OR($D9=57,$E9=57))) -> FALSE | X9: =--OR($X8=1,AND($P9=1,OR($D9=64,$E9=64))) -> FALSE | Y9: =--AND($P9=1,$K9="K",ABS($I9)=2) -> FALSE | Z9: =--AND($P9=1,$K9="P",ABS($I9)=1,$H9="") -> FALSE | AA9: =--AND($P9=1,$K9="P",INT(($E9-1)/8)=IF($F9="w",7,0)) -> FALSE | AB9: =IF(LEN($C9)>=5,IF(ISNUMBER(FIND(MID($C9,5,1),"qrbn")),UPPER(MID($C9,5,1)),"Q"),"Q") -> Q | AC9: =IF($Y9=1,IF($I9=2,$D9+3,$D9-4),0) -> 0 | AD9: =IF($Y9=1,IF($I9=2,$D9+1,$D9-1),0) -> 0 | AE9: =IF($Z9=1,$E9-8*IF($F9="w",1,-1),0) -> 0 | AF9: =IF($B9="","",IF($P9=1,LOWER(INDEX($CV$2:$CV$13,MATCH($G9,$CU$2:$CU$13,0)))&" "&MID("abcdefgh",MOD($D9-1,8)+1,1)&(INT(($D9-1)/8)+1)&"→"&MID("abcdefgh",MOD($E9-1,8)+1,1)&(INT(($E9-1)/8)+1)&IF(OR($H9<>"",$Z9=1)," ×","")&IF($Y9=1," castles","")&IF($Z9=1," e.p.","")&IF($AA9=1," =" &LOWER(INDEX($CV$2:$CV$13,MATCH($F9&$AB9,$CU$2:$CU$13,0))),""),"X "&$Q9)) | AH9: =IF($P9=0,AH8,IF(AH$3=$E9,IF($AA9=1,$F9&$AB9,$G9),IF(OR(AH$3=$D9,AH$3=$AC9,AH$3=$AE9),"",IF(AH$3=$AD9,$F9&"R",AH8)))) -> wR | AI9: =IF($P9=0,AI8,IF(AI$3=$E9,IF($AA9=1,$F9&$AB9,$G9),IF(OR(AI$3=$D9,AI$3=$AC9,AI$3=$AE9),"",IF(AI$3=$AD9,$F9&"R",AI8)))) -> wN | AJ9: =IF($P9=0,AJ8,IF(AJ$3=$E9,IF($AA9=1,$F9&$AB9,$G9),IF(OR(AJ$3=$D9,AJ$3=$AC9,AJ$3=$AE9),"",IF(AJ$3=$AD9,$F9&"R",AJ8)))) -> wB | AK9: =IF($P9=0,AK8,IF(AK$3=$E9,IF($AA9=1,$F9&$AB9,$G9),IF(OR(AK$3=$D9,AK$3=$AC9,AK$3=$AE9),"",IF(AK$3=$AD9,$F9&"R",AK8)))) -> wQ | AL9: =IF($P9=0,AL8,IF(AL$3=$E9,IF($AA9=1,$F9&$AB9,$G9),IF(OR(AL$3=$D9,AL$3=$AC9,AL$3=$AE9),"",IF(AL$3=$AD9,$F9&"R",AL8)))) -> wK | AM9: =IF($P9=0,AM8,IF(AM$3=$E9,IF($AA9=1,$F9&$AB9,$G9),IF(OR(AM$3=$D9,AM$3=$AC9,AM$3=$AE9),"",IF(AM$3=$AD9,$F9&"R",AM8)))) -> wB | AN9: =IF($P9=0,AN8,IF(AN$3=$E9,IF($AA9=1,$F9&$AB9,$G9),IF(OR(AN$3=$D9,AN$3=$AC9,AN$3=$AE9),"",IF(AN$3=$AD9,$F9&"R",AN8)))) -> wN | AO9: =IF($P9=0,AO8,IF(AO$3=$E9,IF($AA9=1,$F9&$AB9,$G9),IF(OR(AO$3=$D9,AO$3=$AC9,AO$3=$AE9),"",IF(AO$3=$AD9,$F9&"R",AO8)))) -> wR | ... CS9: =IF($P9=0,CS8,IF(CS$3=$E9,IF($AA9=1,$F9&$AB9,$G9),IF(OR(CS$3=$D9,CS$3=$AC9,CS$3=$AE9),"",IF(CS$3=$AD9,$F9&"R",CS8)))) -> bR | CU9: bQ | CV9: QUEEN
A10: 5 | B10: =IF(Chess!$L$14="","",Chess!$L$14&"") | C10: =LOWER(SUBSTITUTE(SUBSTITUTE(SUBSTITUTE(SUBSTITUTE(TRIM($B10),"-",""),"=","")," ",""),"x","")) | D10: =IF(LEN($C10)<4,0,IFERROR(IF(AND(CODE(MID($C10,1,1))>=97,CODE(MID($C10,1,1))<=104,VALUE(MID($C10,2,1))>=1,VALUE(MID($C10,2,1))<=8),(VALUE(MID($C10,2,1))-1)*8+CODE(MID($C10,1,1))-96,0),0)) -> 0 | E10: =IF(LEN($C10)<4,0,IFERROR(IF(AND(CODE(MID($C10,3,1))>=97,CODE(MID($C10,3,1))<=104,VALUE(MID($C10,4,1))>=1,VALUE(MID($C10,4,1))<=8),(VALUE(MID($C10,4,1))-1)*8+CODE(MID($C10,3,1))-96,0),0)) -> 0 | F10: =IF(MOD(SUM($P$5:$P9),2)=0,"w","b") -> w | G10: =IF($D10=0,"",INDEX($AH9:$CS9,1,$D10)&"") | H10: =IF($E10=0,"",INDEX($AH9:$CS9,1,$E10)&"") | I10: =IF(OR($D10=0,$E10=0),0,MOD($E10-1,8)-MOD($D10-1,8)) -> 0 | J10: =IF(OR($D10=0,$E10=0),0,INT(($E10-1)/8)-INT(($D10-1)/8)) -> 0 | K10: =IF($G10="","",RIGHT($G10,1)) | L10: =IF(OR($D10=0,$E10=0),0,SUMPRODUCT(($AH$3:$CS$3>MIN($D10,$E10))*($AH$3:$CS$3<MAX($D10,$E10))*(MOD($AH$3:$CS$3-MIN($D10,$E10),MAX(1,ABS(SIGN($J10)*8+SIGN($I10))))=0)*($AH9:$CS9<>""))) -> 0 | M10: =IF($K10<>"K",0,IFERROR(--AND($J10=0,ABS($I10)=2,$D10=IF($F10="w",5,61),IF($F10="w",$S9,$V9)=0,IF($I10=2,AND(IF($F10="w",$U9,$X9)=0,INDEX($AH9:$CS9,1,$D10+1)&""="",INDEX($AH9:$CS9,1,$D10+2)&""=""),AND(IF($F10="w",$T9,$W9)=0,INDEX($AH9:$CS9,1,$D10-1)&""="",INDEX($AH9:$CS9,1,$D10-2)&""="",INDEX($AH9:$CS9,1,$D10-3)&""=""))),0)) -> 0 | N10: =IF($K10<>"P",0,IFERROR(--OR(AND($I10=0,$J10=IF($F10="w",1,-1),$H10=""),AND($I10=0,$J10=2*IF($F10="w",1,-1),$H10="",INT(($D10-1)/8)=IF($F10="w",1,6),INDEX($AH9:$CS9,1,MAX(1,MIN(64,$D10+8*IF($F10="w",1,-1))))&""=""),AND(ABS($I10)=1,$J10=IF($F10="w",1,-1),$H10<>""),AND(ABS($I10)=1,$J10=IF($F10="w",1,-1),$H10="",$R9>0,$E10=$R9)),0)) -> 0 | O10: =IF(OR($D10=0,$E10=0,$G10=""),0,IF($K10="N",--OR(AND(ABS($I10)=1,ABS($J10)=2),AND(ABS($I10)=2,ABS($J10)=1)),IF($K10="B",--AND(ABS($I10)=ABS($J10),$I10<>0,$L10=0),IF($K10="R",--AND(OR($I10=0,$J10=0),OR($I10<>0,$J10<>0),$L10=0),IF($K10="Q",--AND(OR(AND(ABS($I10)=ABS($J10),$I10<>0),AND(OR($I10=0,$J10=0),OR($I10<>0,$J10<>0))),$L10=0),IF($K10="K",--OR(MAX(ABS($I10),ABS($J10))=1,$M10=1),$N10)))))) -> 0 | P10: =IF($Q10="OK",1,0) -> 0 | Q10: =IF($B10="","",IF(OR(COUNTIF($AH9:$CS9,"wK")=0,COUNTIF($AH9:$CS9,"bK")=0),"Game is over",IF(OR($D10=0,$E10=0),"Use the format e2e4",IF($G10="","No piece on that square",IF(LEFT($G10,1)<>$F10,"Not your piece ("&IF($F10="w","White","Black")&" to move)",IF($D10=$E10,"Piece must move",IF(AND($H10<>"",LEFT($H10,1)=$F10),"Cannot capture your own piece",IF($O10=0,"Illegal move for that piece (or path blocked)","OK")))))))) | R10: =IF($P10=1,IF(AND($K10="P",ABS($J10)=2),($D10+$E10)/2,0),$R9) -> 0 | S10: =--OR($S9=1,AND($P10=1,OR($D10=5,$E10=5))) -> FALSE | T10: =--OR($T9=1,AND($P10=1,OR($D10=1,$E10=1))) -> FALSE | U10: =--OR($U9=1,AND($P10=1,OR($D10=8,$E10=8))) -> FALSE | V10: =--OR($V9=1,AND($P10=1,OR($D10=61,$E10=61))) -> FALSE | W10: =--OR($W9=1,AND($P10=1,OR($D10=57,$E10=57))) -> FALSE | X10: =--OR($X9=1,AND($P10=1,OR($D10=64,$E10=64))) -> FALSE | Y10: =--AND($P10=1,$K10="K",ABS($I10)=2) -> FALSE | Z10: =--AND($P10=1,$K10="P",ABS($I10)=1,$H10="") -> FALSE | AA10: =--AND($P10=1,$K10="P",INT(($E10-1)/8)=IF($F10="w",7,0)) -> FALSE | AB10: =IF(LEN($C10)>=5,IF(ISNUMBER(FIND(MID($C10,5,1),"qrbn")),UPPER(MID($C10,5,1)),"Q"),"Q") -> Q | AC10: =IF($Y10=1,IF($I10=2,$D10+3,$D10-4),0) -> 0 | AD10: =IF($Y10=1,IF($I10=2,$D10+1,$D10-1),0) -> 0 | AE10: =IF($Z10=1,$E10-8*IF($F10="w",1,-1),0) -> 0 | AF10: =IF($B10="","",IF($P10=1,LOWER(INDEX($CV$2:$CV$13,MATCH($G10,$CU$2:$CU$13,0)))&" "&MID("abcdefgh",MOD($D10-1,8)+1,1)&(INT(($D10-1)/8)+1)&"→"&MID("abcdefgh",MOD($E10-1,8)+1,1)&(INT(($E10-1)/8)+1)&IF(OR($H10<>"",$Z10=1)," ×","")&IF($Y10=1," castles","")&IF($Z10=1," e.p.","")&IF($AA10=1," =" &LOWER(INDEX($CV$2:$CV$13,MATCH($F10&$AB10,$CU$2:$CU$13,0))),""),"X "&$Q10)) | AH10: =IF($P10=0,AH9,IF(AH$3=$E10,IF($AA10=1,$F10&$AB10,$G10),IF(OR(AH$3=$D10,AH$3=$AC10,AH$3=$AE10),"",IF(AH$3=$AD10,$F10&"R",AH9)))) -> wR | AI10: =IF($P10=0,AI9,IF(AI$3=$E10,IF($AA10=1,$F10&$AB10,$G10),IF(OR(AI$3=$D10,AI$3=$AC10,AI$3=$AE10),"",IF(AI$3=$AD10,$F10&"R",AI9)))) -> wN | AJ10: =IF($P10=0,AJ9,IF(AJ$3=$E10,IF($AA10=1,$F10&$AB10,$G10),IF(OR(AJ$3=$D10,AJ$3=$AC10,AJ$3=$AE10),"",IF(AJ$3=$AD10,$F10&"R",AJ9)))) -> wB | AK10: =IF($P10=0,AK9,IF(AK$3=$E10,IF($AA10=1,$F10&$AB10,$G10),IF(OR(AK$3=$D10,AK$3=$AC10,AK$3=$AE10),"",IF(AK$3=$AD10,$F10&"R",AK9)))) -> wQ | AL10: =IF($P10=0,AL9,IF(AL$3=$E10,IF($AA10=1,$F10&$AB10,$G10),IF(OR(AL$3=$D10,AL$3=$AC10,AL$3=$AE10),"",IF(AL$3=$AD10,$F10&"R",AL9)))) -> wK | AM10: =IF($P10=0,AM9,IF(AM$3=$E10,IF($AA10=1,$F10&$AB10,$G10),IF(OR(AM$3=$D10,AM$3=$AC10,AM$3=$AE10),"",IF(AM$3=$AD10,$F10&"R",AM9)))) -> wB | AN10: =IF($P10=0,AN9,IF(AN$3=$E10,IF($AA10=1,$F10&$AB10,$G10),IF(OR(AN$3=$D10,AN$3=$AC10,AN$3=$AE10),"",IF(AN$3=$AD10,$F10&"R",AN9)))) -> wN | AO10: =IF($P10=0,AO9,IF(AO$3=$E10,IF($AA10=1,$F10&$AB10,$G10),IF(OR(AO$3=$D10,AO$3=$AC10,AO$3=$AE10),"",IF(AO$3=$AD10,$F10&"R",AO9)))) -> wR | ... CS10: =IF($P10=0,CS9,IF(CS$3=$E10,IF($AA10=1,$F10&$AB10,$G10),IF(OR(CS$3=$D10,CS$3=$AC10,CS$3=$AE10),"",IF(CS$3=$AD10,$F10&"R",CS9)))) -> bR | CU10: bR | CV10: ROOK
A11: 6 | B11: =IF(Chess!$L$15="","",Chess!$L$15&"") | C11: =LOWER(SUBSTITUTE(SUBSTITUTE(SUBSTITUTE(SUBSTITUTE(TRIM($B11),"-",""),"=","")," ",""),"x","")) | D11: =IF(LEN($C11)<4,0,IFERROR(IF(AND(CODE(MID($C11,1,1))>=97,CODE(MID($C11,1,1))<=104,VALUE(MID($C11,2,1))>=1,VALUE(MID($C11,2,1))<=8),(VALUE(MID($C11,2,1))-1)*8+CODE(MID($C11,1,1))-96,0),0)) -> 0 | E11: =IF(LEN($C11)<4,0,IFERROR(IF(AND(CODE(MID($C11,3,1))>=97,CODE(MID($C11,3,1))<=104,VALUE(MID($C11,4,1))>=1,VALUE(MID($C11,4,1))<=8),(VALUE(MID($C11,4,1))-1)*8+CODE(MID($C11,3,1))-96,0),0)) -> 0 | F11: =IF(MOD(SUM($P$5:$P10),2)=0,"w","b") -> w | G11: =IF($D11=0,"",INDEX($AH10:$CS10,1,$D11)&"") | H11: =IF($E11=0,"",INDEX($AH10:$CS10,1,$E11)&"") | I11: =IF(OR($D11=0,$E11=0),0,MOD($E11-1,8)-MOD($D11-1,8)) -> 0 | J11: =IF(OR($D11=0,$E11=0),0,INT(($E11-1)/8)-INT(($D11-1)/8)) -> 0 | K11: =IF($G11="","",RIGHT($G11,1)) | L11: =IF(OR($D11=0,$E11=0),0,SUMPRODUCT(($AH$3:$CS$3>MIN($D11,$E11))*($AH$3:$CS$3<MAX($D11,$E11))*(MOD($AH$3:$CS$3-MIN($D11,$E11),MAX(1,ABS(SIGN($J11)*8+SIGN($I11))))=0)*($AH10:$CS10<>""))) -> 0 | M11: =IF($K11<>"K",0,IFERROR(--AND($J11=0,ABS($I11)=2,$D11=IF($F11="w",5,61),IF($F11="w",$S10,$V10)=0,IF($I11=2,AND(IF($F11="w",$U10,$X10)=0,INDEX($AH10:$CS10,1,$D11+1)&""="",INDEX($AH10:$CS10,1,$D11+2)&""=""),AND(IF($F11="w",$T10,$W10)=0,INDEX($AH10:$CS10,1,$D11-1)&""="",INDEX($AH10:$CS10,1,$D11-2)&""="",INDEX($AH10:$CS10,1,$D11-3)&""=""))),0)) -> 0 | N11: =IF($K11<>"P",0,IFERROR(--OR(AND($I11=0,$J11=IF($F11="w",1,-1),$H11=""),AND($I11=0,$J11=2*IF($F11="w",1,-1),$H11="",INT(($D11-1)/8)=IF($F11="w",1,6),INDEX($AH10:$CS10,1,MAX(1,MIN(64,$D11+8*IF($F11="w",1,-1))))&""=""),AND(ABS($I11)=1,$J11=IF($F11="w",1,-1),$H11<>""),AND(ABS($I11)=1,$J11=IF($F11="w",1,-1),$H11="",$R10>0,$E11=$R10)),0)) -> 0 | O11: =IF(OR($D11=0,$E11=0,$G11=""),0,IF($K11="N",--OR(AND(ABS($I11)=1,ABS($J11)=2),AND(ABS($I11)=2,ABS($J11)=1)),IF($K11="B",--AND(ABS($I11)=ABS($J11),$I11<>0,$L11=0),IF($K11="R",--AND(OR($I11=0,$J11=0),OR($I11<>0,$J11<>0),$L11=0),IF($K11="Q",--AND(OR(AND(ABS($I11)=ABS($J11),$I11<>0),AND(OR($I11=0,$J11=0),OR($I11<>0,$J11<>0))),$L11=0),IF($K11="K",--OR(MAX(ABS($I11),ABS($J11))=1,$M11=1),$N11)))))) -> 0 | P11: =IF($Q11="OK",1,0) -> 0 | Q11: =IF($B11="","",IF(OR(COUNTIF($AH10:$CS10,"wK")=0,COUNTIF($AH10:$CS10,"bK")=0),"Game is over",IF(OR($D11=0,$E11=0),"Use the format e2e4",IF($G11="","No piece on that square",IF(LEFT($G11,1)<>$F11,"Not your piece ("&IF($F11="w","White","Black")&" to move)",IF($D11=$E11,"Piece must move",IF(AND($H11<>"",LEFT($H11,1)=$F11),"Cannot capture your own piece",IF($O11=0,"Illegal move for that piece (or path blocked)","OK")))))))) | R11: =IF($P11=1,IF(AND($K11="P",ABS($J11)=2),($D11+$E11)/2,0),$R10) -> 0 | S11: =--OR($S10=1,AND($P11=1,OR($D11=5,$E11=5))) -> FALSE | T11: =--OR($T10=1,AND($P11=1,OR($D11=1,$E11=1))) -> FALSE | U11: =--OR($U10=1,AND($P11=1,OR($D11=8,$E11=8))) -> FALSE | V11: =--OR($V10=1,AND($P11=1,OR($D11=61,$E11=61))) -> FALSE | W11: =--OR($W10=1,AND($P11=1,OR($D11=57,$E11=57))) -> FALSE | X11: =--OR($X10=1,AND($P11=1,OR($D11=64,$E11=64))) -> FALSE | Y11: =--AND($P11=1,$K11="K",ABS($I11)=2) -> FALSE | Z11: =--AND($P11=1,$K11="P",ABS($I11)=1,$H11="") -> FALSE | AA11: =--AND($P11=1,$K11="P",INT(($E11-1)/8)=IF($F11="w",7,0)) -> FALSE | AB11: =IF(LEN($C11)>=5,IF(ISNUMBER(FIND(MID($C11,5,1),"qrbn")),UPPER(MID($C11,5,1)),"Q"),"Q") -> Q | AC11: =IF($Y11=1,IF($I11=2,$D11+3,$D11-4),0) -> 0 | AD11: =IF($Y11=1,IF($I11=2,$D11+1,$D11-1),0) -> 0 | AE11: =IF($Z11=1,$E11-8*IF($F11="w",1,-1),0) -> 0 | AF11: =IF($B11="","",IF($P11=1,LOWER(INDEX($CV$2:$CV$13,MATCH($G11,$CU$2:$CU$13,0)))&" "&MID("abcdefgh",MOD($D11-1,8)+1,1)&(INT(($D11-1)/8)+1)&"→"&MID("abcdefgh",MOD($E11-1,8)+1,1)&(INT(($E11-1)/8)+1)&IF(OR($H11<>"",$Z11=1)," ×","")&IF($Y11=1," castles","")&IF($Z11=1," e.p.","")&IF($AA11=1," =" &LOWER(INDEX($CV$2:$CV$13,MATCH($F11&$AB11,$CU$2:$CU$13,0))),""),"X "&$Q11)) | AH11: =IF($P11=0,AH10,IF(AH$3=$E11,IF($AA11=1,$F11&$AB11,$G11),IF(OR(AH$3=$D11,AH$3=$AC11,AH$3=$AE11),"",IF(AH$3=$AD11,$F11&"R",AH10)))) -> wR | AI11: =IF($P11=0,AI10,IF(AI$3=$E11,IF($AA11=1,$F11&$AB11,$G11),IF(OR(AI$3=$D11,AI$3=$AC11,AI$3=$AE11),"",IF(AI$3=$AD11,$F11&"R",AI10)))) -> wN | AJ11: =IF($P11=0,AJ10,IF(AJ$3=$E11,IF($AA11=1,$F11&$AB11,$G11),IF(OR(AJ$3=$D11,AJ$3=$AC11,AJ$3=$AE11),"",IF(AJ$3=$AD11,$F11&"R",AJ10)))) -> wB | AK11: =IF($P11=0,AK10,IF(AK$3=$E11,IF($AA11=1,$F11&$AB11,$G11),IF(OR(AK$3=$D11,AK$3=$AC11,AK$3=$AE11),"",IF(AK$3=$AD11,$F11&"R",AK10)))) -> wQ | AL11: =IF($P11=0,AL10,IF(AL$3=$E11,IF($AA11=1,$F11&$AB11,$G11),IF(OR(AL$3=$D11,AL$3=$AC11,AL$3=$AE11),"",IF(AL$3=$AD11,$F11&"R",AL10)))) -> wK | AM11: =IF($P11=0,AM10,IF(AM$3=$E11,IF($AA11=1,$F11&$AB11,$G11),IF(OR(AM$3=$D11,AM$3=$AC11,AM$3=$AE11),"",IF(AM$3=$AD11,$F11&"R",AM10)))) -> wB | AN11: =IF($P11=0,AN10,IF(AN$3=$E11,IF($AA11=1,$F11&$AB11,$G11),IF(OR(AN$3=$D11,AN$3=$AC11,AN$3=$AE11),"",IF(AN$3=$AD11,$F11&"R",AN10)))) -> wN | AO11: =IF($P11=0,AO10,IF(AO$3=$E11,IF($AA11=1,$F11&$AB11,$G11),IF(OR(AO$3=$D11,AO$3=$AC11,AO$3=$AE11),"",IF(AO$3=$AD11,$F11&"R",AO10)))) -> wR | ... CS11: =IF($P11=0,CS10,IF(CS$3=$E11,IF($AA11=1,$F11&$AB11,$G11),IF(OR(CS$3=$D11,CS$3=$AC11,CS$3=$AE11),"",IF(CS$3=$AD11,$F11&"R",CS10)))) -> bR | CU11: bB | CV11: BISHOP
A12: 7 | B12: =IF(Chess!$L$16="","",Chess!$L$16&"") | C12: =LOWER(SUBSTITUTE(SUBSTITUTE(SUBSTITUTE(SUBSTITUTE(TRIM($B12),"-",""),"=","")," ",""),"x","")) | D12: =IF(LEN($C12)<4,0,IFERROR(IF(AND(CODE(MID($C12,1,1))>=97,CODE(MID($C12,1,1))<=104,VALUE(MID($C12,2,1))>=1,VALUE(MID($C12,2,1))<=8),(VALUE(MID($C12,2,1))-1)*8+CODE(MID($C12,1,1))-96,0),0)) -> 0 | E12: =IF(LEN($C12)<4,0,IFERROR(IF(AND(CODE(MID($C12,3,1))>=97,CODE(MID($C12,3,1))<=104,VALUE(MID($C12,4,1))>=1,VALUE(MID($C12,4,1))<=8),(VALUE(MID($C12,4,1))-1)*8+CODE(MID($C12,3,1))-96,0),0)) -> 0 | F12: =IF(MOD(SUM($P$5:$P11),2)=0,"w","b") -> w | G12: =IF($D12=0,"",INDEX($AH11:$CS11,1,$D12)&"") | H12: =IF($E12=0,"",INDEX($AH11:$CS11,1,$E12)&"") | I12: =IF(OR($D12=0,$E12=0),0,MOD($E12-1,8)-MOD($D12-1,8)) -> 0 | J12: =IF(OR($D12=0,$E12=0),0,INT(($E12-1)/8)-INT(($D12-1)/8)) -> 0 | K12: =IF($G12="","",RIGHT($G12,1)) | L12: =IF(OR($D12=0,$E12=0),0,SUMPRODUCT(($AH$3:$CS$3>MIN($D12,$E12))*($AH$3:$CS$3<MAX($D12,$E12))*(MOD($AH$3:$CS$3-MIN($D12,$E12),MAX(1,ABS(SIGN($J12)*8+SIGN($I12))))=0)*($AH11:$CS11<>""))) -> 0 | M12: =IF($K12<>"K",0,IFERROR(--AND($J12=0,ABS($I12)=2,$D12=IF($F12="w",5,61),IF($F12="w",$S11,$V11)=0,IF($I12=2,AND(IF($F12="w",$U11,$X11)=0,INDEX($AH11:$CS11,1,$D12+1)&""="",INDEX($AH11:$CS11,1,$D12+2)&""=""),AND(IF($F12="w",$T11,$W11)=0,INDEX($AH11:$CS11,1,$D12-1)&""="",INDEX($AH11:$CS11,1,$D12-2)&""="",INDEX($AH11:$CS11,1,$D12-3)&""=""))),0)) -> 0 | N12: =IF($K12<>"P",0,IFERROR(--OR(AND($I12=0,$J12=IF($F12="w",1,-1),$H12=""),AND($I12=0,$J12=2*IF($F12="w",1,-1),$H12="",INT(($D12-1)/8)=IF($F12="w",1,6),INDEX($AH11:$CS11,1,MAX(1,MIN(64,$D12+8*IF($F12="w",1,-1))))&""=""),AND(ABS($I12)=1,$J12=IF($F12="w",1,-1),$H12<>""),AND(ABS($I12)=1,$J12=IF($F12="w",1,-1),$H12="",$R11>0,$E12=$R11)),0)) -> 0 | O12: =IF(OR($D12=0,$E12=0,$G12=""),0,IF($K12="N",--OR(AND(ABS($I12)=1,ABS($J12)=2),AND(ABS($I12)=2,ABS($J12)=1)),IF($K12="B",--AND(ABS($I12)=ABS($J12),$I12<>0,$L12=0),IF($K12="R",--AND(OR($I12=0,$J12=0),OR($I12<>0,$J12<>0),$L12=0),IF($K12="Q",--AND(OR(AND(ABS($I12)=ABS($J12),$I12<>0),AND(OR($I12=0,$J12=0),OR($I12<>0,$J12<>0))),$L12=0),IF($K12="K",--OR(MAX(ABS($I12),ABS($J12))=1,$M12=1),$N12)))))) -> 0 | P12: =IF($Q12="OK",1,0) -> 0 | Q12: =IF($B12="","",IF(OR(COUNTIF($AH11:$CS11,"wK")=0,COUNTIF($AH11:$CS11,"bK")=0),"Game is over",IF(OR($D12=0,$E12=0),"Use the format e2e4",IF($G12="","No piece on that square",IF(LEFT($G12,1)<>$F12,"Not your piece ("&IF($F12="w","White","Black")&" to move)",IF($D12=$E12,"Piece must move",IF(AND($H12<>"",LEFT($H12,1)=$F12),"Cannot capture your own piece",IF($O12=0,"Illegal move for that piece (or path blocked)","OK")))))))) | R12: =IF($P12=1,IF(AND($K12="P",ABS($J12)=2),($D12+$E12)/2,0),$R11) -> 0 | S12: =--OR($S11=1,AND($P12=1,OR($D12=5,$E12=5))) -> FALSE | T12: =--OR($T11=1,AND($P12=1,OR($D12=1,$E12=1))) -> FALSE | U12: =--OR($U11=1,AND($P12=1,OR($D12=8,$E12=8))) -> FALSE | V12: =--OR($V11=1,AND($P12=1,OR($D12=61,$E12=61))) -> FALSE | W12: =--OR($W11=1,AND($P12=1,OR($D12=57,$E12=57))) -> FALSE | X12: =--OR($X11=1,AND($P12=1,OR($D12=64,$E12=64))) -> FALSE | Y12: =--AND($P12=1,$K12="K",ABS($I12)=2) -> FALSE | Z12: =--AND($P12=1,$K12="P",ABS($I12)=1,$H12="") -> FALSE | AA12: =--AND($P12=1,$K12="P",INT(($E12-1)/8)=IF($F12="w",7,0)) -> FALSE | AB12: =IF(LEN($C12)>=5,IF(ISNUMBER(FIND(MID($C12,5,1),"qrbn")),UPPER(MID($C12,5,1)),"Q"),"Q") -> Q | AC12: =IF($Y12=1,IF($I12=2,$D12+3,$D12-4),0) -> 0 | AD12: =IF($Y12=1,IF($I12=2,$D12+1,$D12-1),0) -> 0 | AE12: =IF($Z12=1,$E12-8*IF($F12="w",1,-1),0) -> 0 | AF12: =IF($B12="","",IF($P12=1,LOWER(INDEX($CV$2:$CV$13,MATCH($G12,$CU$2:$CU$13,0)))&" "&MID("abcdefgh",MOD($D12-1,8)+1,1)&(INT(($D12-1)/8)+1)&"→"&MID("abcdefgh",MOD($E12-1,8)+1,1)&(INT(($E12-1)/8)+1)&IF(OR($H12<>"",$Z12=1)," ×","")&IF($Y12=1," castles","")&IF($Z12=1," e.p.","")&IF($AA12=1," =" &LOWER(INDEX($CV$2:$CV$13,MATCH($F12&$AB12,$CU$2:$CU$13,0))),""),"X "&$Q12)) | AH12: =IF($P12=0,AH11,IF(AH$3=$E12,IF($AA12=1,$F12&$AB12,$G12),IF(OR(AH$3=$D12,AH$3=$AC12,AH$3=$AE12),"",IF(AH$3=$AD12,$F12&"R",AH11)))) -> wR | AI12: =IF($P12=0,AI11,IF(AI$3=$E12,IF($AA12=1,$F12&$AB12,$G12),IF(OR(AI$3=$D12,AI$3=$AC12,AI$3=$AE12),"",IF(AI$3=$AD12,$F12&"R",AI11)))) -> wN | AJ12: =IF($P12=0,AJ11,IF(AJ$3=$E12,IF($AA12=1,$F12&$AB12,$G12),IF(OR(AJ$3=$D12,AJ$3=$AC12,AJ$3=$AE12),"",IF(AJ$3=$AD12,$F12&"R",AJ11)))) -> wB | AK12: =IF($P12=0,AK11,IF(AK$3=$E12,IF($AA12=1,$F12&$AB12,$G12),IF(OR(AK$3=$D12,AK$3=$AC12,AK$3=$AE12),"",IF(AK$3=$AD12,$F12&"R",AK11)))) -> wQ | AL12: =IF($P12=0,AL11,IF(AL$3=$E12,IF($AA12=1,$F12&$AB12,$G12),IF(OR(AL$3=$D12,AL$3=$AC12,AL$3=$AE12),"",IF(AL$3=$AD12,$F12&"R",AL11)))) -> wK | AM12: =IF($P12=0,AM11,IF(AM$3=$E12,IF($AA12=1,$F12&$AB12,$G12),IF(OR(AM$3=$D12,AM$3=$AC12,AM$3=$AE12),"",IF(AM$3=$AD12,$F12&"R",AM11)))) -> wB | AN12: =IF($P12=0,AN11,IF(AN$3=$E12,IF($AA12=1,$F12&$AB12,$G12),IF(OR(AN$3=$D12,AN$3=$AC12,AN$3=$AE12),"",IF(AN$3=$AD12,$F12&"R",AN11)))) -> wN | AO12: =IF($P12=0,AO11,IF(AO$3=$E12,IF($AA12=1,$F12&$AB12,$G12),IF(OR(AO$3=$D12,AO$3=$AC12,AO$3=$AE12),"",IF(AO$3=$AD12,$F12&"R",AO11)))) -> wR | ... CS12: =IF($P12=0,CS11,IF(CS$3=$E12,IF($AA12=1,$F12&$AB12,$G12),IF(OR(CS$3=$D12,CS$3=$AC12,CS$3=$AE12),"",IF(CS$3=$AD12,$F12&"R",CS11)))) -> bR | CU12: bN | CV12: KNIGHT
A13: 8 | B13: =IF(Chess!$L$17="","",Chess!$L$17&"") | C13: =LOWER(SUBSTITUTE(SUBSTITUTE(SUBSTITUTE(SUBSTITUTE(TRIM($B13),"-",""),"=","")," ",""),"x","")) | D13: =IF(LEN($C13)<4,0,IFERROR(IF(AND(CODE(MID($C13,1,1))>=97,CODE(MID($C13,1,1))<=104,VALUE(MID($C13,2,1))>=1,VALUE(MID($C13,2,1))<=8),(VALUE(MID($C13,2,1))-1)*8+CODE(MID($C13,1,1))-96,0),0)) -> 0 | E13: =IF(LEN($C13)<4,0,IFERROR(IF(AND(CODE(MID($C13,3,1))>=97,CODE(MID($C13,3,1))<=104,VALUE(MID($C13,4,1))>=1,VALUE(MID($C13,4,1))<=8),(VALUE(MID($C13,4,1))-1)*8+CODE(MID($C13,3,1))-96,0),0)) -> 0 | F13: =IF(MOD(SUM($P$5:$P12),2)=0,"w","b") -> w | G13: =IF($D13=0,"",INDEX($AH12:$CS12,1,$D13)&"") | H13: =IF($E13=0,"",INDEX($AH12:$CS12,1,$E13)&"") | I13: =IF(OR($D13=0,$E13=0),0,MOD($E13-1,8)-MOD($D13-1,8)) -> 0 | J13: =IF(OR($D13=0,$E13=0),0,INT(($E13-1)/8)-INT(($D13-1)/8)) -> 0 | K13: =IF($G13="","",RIGHT($G13,1)) | L13: =IF(OR($D13=0,$E13=0),0,SUMPRODUCT(($AH$3:$CS$3>MIN($D13,$E13))*($AH$3:$CS$3<MAX($D13,$E13))*(MOD($AH$3:$CS$3-MIN($D13,$E13),MAX(1,ABS(SIGN($J13)*8+SIGN($I13))))=0)*($AH12:$CS12<>""))) -> 0 | M13: =IF($K13<>"K",0,IFERROR(--AND($J13=0,ABS($I13)=2,$D13=IF($F13="w",5,61),IF($F13="w",$S12,$V12)=0,IF($I13=2,AND(IF($F13="w",$U12,$X12)=0,INDEX($AH12:$CS12,1,$D13+1)&""="",INDEX($AH12:$CS12,1,$D13+2)&""=""),AND(IF($F13="w",$T12,$W12)=0,INDEX($AH12:$CS12,1,$D13-1)&""="",INDEX($AH12:$CS12,1,$D13-2)&""="",INDEX($AH12:$CS12,1,$D13-3)&""=""))),0)) -> 0 | N13: =IF($K13<>"P",0,IFERROR(--OR(AND($I13=0,$J13=IF($F13="w",1,-1),$H13=""),AND($I13=0,$J13=2*IF($F13="w",1,-1),$H13="",INT(($D13-1)/8)=IF($F13="w",1,6),INDEX($AH12:$CS12,1,MAX(1,MIN(64,$D13+8*IF($F13="w",1,-1))))&""=""),AND(ABS($I13)=1,$J13=IF($F13="w",1,-1),$H13<>""),AND(ABS($I13)=1,$J13=IF($F13="w",1,-1),$H13="",$R12>0,$E13=$R12)),0)) -> 0 | O13: =IF(OR($D13=0,$E13=0,$G13=""),0,IF($K13="N",--OR(AND(ABS($I13)=1,ABS($J13)=2),AND(ABS($I13)=2,ABS($J13)=1)),IF($K13="B",--AND(ABS($I13)=ABS($J13),$I13<>0,$L13=0),IF($K13="R",--AND(OR($I13=0,$J13=0),OR($I13<>0,$J13<>0),$L13=0),IF($K13="Q",--AND(OR(AND(ABS($I13)=ABS($J13),$I13<>0),AND(OR($I13=0,$J13=0),OR($I13<>0,$J13<>0))),$L13=0),IF($K13="K",--OR(MAX(ABS($I13),ABS($J13))=1,$M13=1),$N13)))))) -> 0 | P13: =IF($Q13="OK",1,0) -> 0 | Q13: =IF($B13="","",IF(OR(COUNTIF($AH12:$CS12,"wK")=0,COUNTIF($AH12:$CS12,"bK")=0),"Game is over",IF(OR($D13=0,$E13=0),"Use the format e2e4",IF($G13="","No piece on that square",IF(LEFT($G13,1)<>$F13,"Not your piece ("&IF($F13="w","White","Black")&" to move)",IF($D13=$E13,"Piece must move",IF(AND($H13<>"",LEFT($H13,1)=$F13),"Cannot capture your own piece",IF($O13=0,"Illegal move for that piece (or path blocked)","OK")))))))) | R13: =IF($P13=1,IF(AND($K13="P",ABS($J13)=2),($D13+$E13)/2,0),$R12) -> 0 | S13: =--OR($S12=1,AND($P13=1,OR($D13=5,$E13=5))) -> FALSE | T13: =--OR($T12=1,AND($P13=1,OR($D13=1,$E13=1))) -> FALSE | U13: =--OR($U12=1,AND($P13=1,OR($D13=8,$E13=8))) -> FALSE | V13: =--OR($V12=1,AND($P13=1,OR($D13=61,$E13=61))) -> FALSE | W13: =--OR($W12=1,AND($P13=1,OR($D13=57,$E13=57))) -> FALSE | X13: =--OR($X12=1,AND($P13=1,OR($D13=64,$E13=64))) -> FALSE | Y13: =--AND($P13=1,$K13="K",ABS($I13)=2) -> FALSE | Z13: =--AND($P13=1,$K13="P",ABS($I13)=1,$H13="") -> FALSE | AA13: =--AND($P13=1,$K13="P",INT(($E13-1)/8)=IF($F13="w",7,0)) -> FALSE | AB13: =IF(LEN($C13)>=5,IF(ISNUMBER(FIND(MID($C13,5,1),"qrbn")),UPPER(MID($C13,5,1)),"Q"),"Q") -> Q | AC13: =IF($Y13=1,IF($I13=2,$D13+3,$D13-4),0) -> 0 | AD13: =IF($Y13=1,IF($I13=2,$D13+1,$D13-1),0) -> 0 | AE13: =IF($Z13=1,$E13-8*IF($F13="w",1,-1),0) -> 0 | AF13: =IF($B13="","",IF($P13=1,LOWER(INDEX($CV$2:$CV$13,MATCH($G13,$CU$2:$CU$13,0)))&" "&MID("abcdefgh",MOD($D13-1,8)+1,1)&(INT(($D13-1)/8)+1)&"→"&MID("abcdefgh",MOD($E13-1,8)+1,1)&(INT(($E13-1)/8)+1)&IF(OR($H13<>"",$Z13=1)," ×","")&IF($Y13=1," castles","")&IF($Z13=1," e.p.","")&IF($AA13=1," =" &LOWER(INDEX($CV$2:$CV$13,MATCH($F13&$AB13,$CU$2:$CU$13,0))),""),"X "&$Q13)) | AH13: =IF($P13=0,AH12,IF(AH$3=$E13,IF($AA13=1,$F13&$AB13,$G13),IF(OR(AH$3=$D13,AH$3=$AC13,AH$3=$AE13),"",IF(AH$3=$AD13,$F13&"R",AH12)))) -> wR | AI13: =IF($P13=0,AI12,IF(AI$3=$E13,IF($AA13=1,$F13&$AB13,$G13),IF(OR(AI$3=$D13,AI$3=$AC13,AI$3=$AE13),"",IF(AI$3=$AD13,$F13&"R",AI12)))) -> wN | AJ13: =IF($P13=0,AJ12,IF(AJ$3=$E13,IF($AA13=1,$F13&$AB13,$G13),IF(OR(AJ$3=$D13,AJ$3=$AC13,AJ$3=$AE13),"",IF(AJ$3=$AD13,$F13&"R",AJ12)))) -> wB | AK13: =IF($P13=0,AK12,IF(AK$3=$E13,IF($AA13=1,$F13&$AB13,$G13),IF(OR(AK$3=$D13,AK$3=$AC13,AK$3=$AE13),"",IF(AK$3=$AD13,$F13&"R",AK12)))) -> wQ | AL13: =IF($P13=0,AL12,IF(AL$3=$E13,IF($AA13=1,$F13&$AB13,$G13),IF(OR(AL$3=$D13,AL$3=$AC13,AL$3=$AE13),"",IF(AL$3=$AD13,$F13&"R",AL12)))) -> wK | AM13: =IF($P13=0,AM12,IF(AM$3=$E13,IF($AA13=1,$F13&$AB13,$G13),IF(OR(AM$3=$D13,AM$3=$AC13,AM$3=$AE13),"",IF(AM$3=$AD13,$F13&"R",AM12)))) -> wB | AN13: =IF($P13=0,AN12,IF(AN$3=$E13,IF($AA13=1,$F13&$AB13,$G13),IF(OR(AN$3=$D13,AN$3=$AC13,AN$3=$AE13),"",IF(AN$3=$AD13,$F13&"R",AN12)))) -> wN | AO13: =IF($P13=0,AO12,IF(AO$3=$E13,IF($AA13=1,$F13&$AB13,$G13),IF(OR(AO$3=$D13,AO$3=$AC13,AO$3=$AE13),"",IF(AO$3=$AD13,$F13&"R",AO12)))) -> wR | ... CS13: =IF($P13=0,CS12,IF(CS$3=$E13,IF($AA13=1,$F13&$AB13,$G13),IF(OR(CS$3=$D13,CS$3=$AC13,CS$3=$AE13),"",IF(CS$3=$AD13,$F13&"R",CS12)))) -> bR | CU13: bP | CV13: PAWN
A14: 9 | B14: =IF(Chess!$L$18="","",Chess!$L$18&"") | C14: =LOWER(SUBSTITUTE(SUBSTITUTE(SUBSTITUTE(SUBSTITUTE(TRIM($B14),"-",""),"=","")," ",""),"x","")) | D14: =IF(LEN($C14)<4,0,IFERROR(IF(AND(CODE(MID($C14,1,1))>=97,CODE(MID($C14,1,1))<=104,VALUE(MID($C14,2,1))>=1,VALUE(MID($C14,2,1))<=8),(VALUE(MID($C14,2,1))-1)*8+CODE(MID($C14,1,1))-96,0),0)) -> 0 | E14: =IF(LEN($C14)<4,0,IFERROR(IF(AND(CODE(MID($C14,3,1))>=97,CODE(MID($C14,3,1))<=104,VALUE(MID($C14,4,1))>=1,VALUE(MID($C14,4,1))<=8),(VALUE(MID($C14,4,1))-1)*8+CODE(MID($C14,3,1))-96,0),0)) -> 0 | F14: =IF(MOD(SUM($P$5:$P13),2)=0,"w","b") -> w | G14: =IF($D14=0,"",INDEX($AH13:$CS13,1,$D14)&"") | H14: =IF($E14=0,"",INDEX($AH13:$CS13,1,$E14)&"") | I14: =IF(OR($D14=0,$E14=0),0,MOD($E14-1,8)-MOD($D14-1,8)) -> 0 | J14: =IF(OR($D14=0,$E14=0),0,INT(($E14-1)/8)-INT(($D14-1)/8)) -> 0 | K14: =IF($G14="","",RIGHT($G14,1)) | L14: =IF(OR($D14=0,$E14=0),0,SUMPRODUCT(($AH$3:$CS$3>MIN($D14,$E14))*($AH$3:$CS$3<MAX($D14,$E14))*(MOD($AH$3:$CS$3-MIN($D14,$E14),MAX(1,ABS(SIGN($J14)*8+SIGN($I14))))=0)*($AH13:$CS13<>""))) -> 0 | M14: =IF($K14<>"K",0,IFERROR(--AND($J14=0,ABS($I14)=2,$D14=IF($F14="w",5,61),IF($F14="w",$S13,$V13)=0,IF($I14=2,AND(IF($F14="w",$U13,$X13)=0,INDEX($AH13:$CS13,1,$D14+1)&""="",INDEX($AH13:$CS13,1,$D14+2)&""=""),AND(IF($F14="w",$T13,$W13)=0,INDEX($AH13:$CS13,1,$D14-1)&""="",INDEX($AH13:$CS13,1,$D14-2)&""="",INDEX($AH13:$CS13,1,$D14-3)&""=""))),0)) -> 0 | N14: =IF($K14<>"P",0,IFERROR(--OR(AND($I14=0,$J14=IF($F14="w",1,-1),$H14=""),AND($I14=0,$J14=2*IF($F14="w",1,-1),$H14="",INT(($D14-1)/8)=IF($F14="w",1,6),INDEX($AH13:$CS13,1,MAX(1,MIN(64,$D14+8*IF($F14="w",1,-1))))&""=""),AND(ABS($I14)=1,$J14=IF($F14="w",1,-1),$H14<>""),AND(ABS($I14)=1,$J14=IF($F14="w",1,-1),$H14="",$R13>0,$E14=$R13)),0)) -> 0 | O14: =IF(OR($D14=0,$E14=0,$G14=""),0,IF($K14="N",--OR(AND(ABS($I14)=1,ABS($J14)=2),AND(ABS($I14)=2,ABS($J14)=1)),IF($K14="B",--AND(ABS($I14)=ABS($J14),$I14<>0,$L14=0),IF($K14="R",--AND(OR($I14=0,$J14=0),OR($I14<>0,$J14<>0),$L14=0),IF($K14="Q",--AND(OR(AND(ABS($I14)=ABS($J14),$I14<>0),AND(OR($I14=0,$J14=0),OR($I14<>0,$J14<>0))),$L14=0),IF($K14="K",--OR(MAX(ABS($I14),ABS($J14))=1,$M14=1),$N14)))))) -> 0 | P14: =IF($Q14="OK",1,0) -> 0 | Q14: =IF($B14="","",IF(OR(COUNTIF($AH13:$CS13,"wK")=0,COUNTIF($AH13:$CS13,"bK")=0),"Game is over",IF(OR($D14=0,$E14=0),"Use the format e2e4",IF($G14="","No piece on that square",IF(LEFT($G14,1)<>$F14,"Not your piece ("&IF($F14="w","White","Black")&" to move)",IF($D14=$E14,"Piece must move",IF(AND($H14<>"",LEFT($H14,1)=$F14),"Cannot capture your own piece",IF($O14=0,"Illegal move for that piece (or path blocked)","OK")))))))) | R14: =IF($P14=1,IF(AND($K14="P",ABS($J14)=2),($D14+$E14)/2,0),$R13) -> 0 | S14: =--OR($S13=1,AND($P14=1,OR($D14=5,$E14=5))) -> FALSE | T14: =--OR($T13=1,AND($P14=1,OR($D14=1,$E14=1))) -> FALSE | U14: =--OR($U13=1,AND($P14=1,OR($D14=8,$E14=8))) -> FALSE | V14: =--OR($V13=1,AND($P14=1,OR($D14=61,$E14=61))) -> FALSE | W14: =--OR($W13=1,AND($P14=1,OR($D14=57,$E14=57))) -> FALSE | X14: =--OR($X13=1,AND($P14=1,OR($D14=64,$E14=64))) -> FALSE | Y14: =--AND($P14=1,$K14="K",ABS($I14)=2) -> FALSE | Z14: =--AND($P14=1,$K14="P",ABS($I14)=1,$H14="") -> FALSE | AA14: =--AND($P14=1,$K14="P",INT(($E14-1)/8)=IF($F14="w",7,0)) -> FALSE | AB14: =IF(LEN($C14)>=5,IF(ISNUMBER(FIND(MID($C14,5,1),"qrbn")),UPPER(MID($C14,5,1)),"Q"),"Q") -> Q | AC14: =IF($Y14=1,IF($I14=2,$D14+3,$D14-4),0) -> 0 | AD14: =IF($Y14=1,IF($I14=2,$D14+1,$D14-1),0) -> 0 | AE14: =IF($Z14=1,$E14-8*IF($F14="w",1,-1),0) -> 0 | AF14: =IF($B14="","",IF($P14=1,LOWER(INDEX($CV$2:$CV$13,MATCH($G14,$CU$2:$CU$13,0)))&" "&MID("abcdefgh",MOD($D14-1,8)+1,1)&(INT(($D14-1)/8)+1)&"→"&MID("abcdefgh",MOD($E14-1,8)+1,1)&(INT(($E14-1)/8)+1)&IF(OR($H14<>"",$Z14=1)," ×","")&IF($Y14=1," castles","")&IF($Z14=1," e.p.","")&IF($AA14=1," =" &LOWER(INDEX($CV$2:$CV$13,MATCH($F14&$AB14,$CU$2:$CU$13,0))),""),"X "&$Q14)) | AH14: =IF($P14=0,AH13,IF(AH$3=$E14,IF($AA14=1,$F14&$AB14,$G14),IF(OR(AH$3=$D14,AH$3=$AC14,AH$3=$AE14),"",IF(AH$3=$AD14,$F14&"R",AH13)))) -> wR | AI14: =IF($P14=0,AI13,IF(AI$3=$E14,IF($AA14=1,$F14&$AB14,$G14),IF(OR(AI$3=$D14,AI$3=$AC14,AI$3=$AE14),"",IF(AI$3=$AD14,$F14&"R",AI13)))) -> wN | AJ14: =IF($P14=0,AJ13,IF(AJ$3=$E14,IF($AA14=1,$F14&$AB14,$G14),IF(OR(AJ$3=$D14,AJ$3=$AC14,AJ$3=$AE14),"",IF(AJ$3=$AD14,$F14&"R",AJ13)))) -> wB | AK14: =IF($P14=0,AK13,IF(AK$3=$E14,IF($AA14=1,$F14&$AB14,$G14),IF(OR(AK$3=$D14,AK$3=$AC14,AK$3=$AE14),"",IF(AK$3=$AD14,$F14&"R",AK13)))) -> wQ | AL14: =IF($P14=0,AL13,IF(AL$3=$E14,IF($AA14=1,$F14&$AB14,$G14),IF(OR(AL$3=$D14,AL$3=$AC14,AL$3=$AE14),"",IF(AL$3=$AD14,$F14&"R",AL13)))) -> wK | AM14: =IF($P14=0,AM13,IF(AM$3=$E14,IF($AA14=1,$F14&$AB14,$G14),IF(OR(AM$3=$D14,AM$3=$AC14,AM$3=$AE14),"",IF(AM$3=$AD14,$F14&"R",AM13)))) -> wB | AN14: =IF($P14=0,AN13,IF(AN$3=$E14,IF($AA14=1,$F14&$AB14,$G14),IF(OR(AN$3=$D14,AN$3=$AC14,AN$3=$AE14),"",IF(AN$3=$AD14,$F14&"R",AN13)))) -> wN | AO14: =IF($P14=0,AO13,IF(AO$3=$E14,IF($AA14=1,$F14&$AB14,$G14),IF(OR(AO$3=$D14,AO$3=$AC14,AO$3=$AE14),"",IF(AO$3=$AD14,$F14&"R",AO13)))) -> wR | ... CS14: =IF($P14=0,CS13,IF(CS$3=$E14,IF($AA14=1,$F14&$AB14,$G14),IF(OR(CS$3=$D14,CS$3=$AC14,CS$3=$AE14),"",IF(CS$3=$AD14,$F14&"R",CS13)))) -> bR
A15: 10 | B15: =IF(Chess!$L$19="","",Chess!$L$19&"") | C15: =LOWER(SUBSTITUTE(SUBSTITUTE(SUBSTITUTE(SUBSTITUTE(TRIM($B15),"-",""),"=","")," ",""),"x","")) | D15: =IF(LEN($C15)<4,0,IFERROR(IF(AND(CODE(MID($C15,1,1))>=97,CODE(MID($C15,1,1))<=104,VALUE(MID($C15,2,1))>=1,VALUE(MID($C15,2,1))<=8),(VALUE(MID($C15,2,1))-1)*8+CODE(MID($C15,1,1))-96,0),0)) -> 0 | E15: =IF(LEN($C15)<4,0,IFERROR(IF(AND(CODE(MID($C15,3,1))>=97,CODE(MID($C15,3,1))<=104,VALUE(MID($C15,4,1))>=1,VALUE(MID($C15,4,1))<=8),(VALUE(MID($C15,4,1))-1)*8+CODE(MID($C15,3,1))-96,0),0)) -> 0 | F15: =IF(MOD(SUM($P$5:$P14),2)=0,"w","b") -> w | G15: =IF($D15=0,"",INDEX($AH14:$CS14,1,$D15)&"") | H15: =IF($E15=0,"",INDEX($AH14:$CS14,1,$E15)&"") | I15: =IF(OR($D15=0,$E15=0),0,MOD($E15-1,8)-MOD($D15-1,8)) -> 0 | J15: =IF(OR($D15=0,$E15=0),0,INT(($E15-1)/8)-INT(($D15-1)/8)) -> 0 | K15: =IF($G15="","",RIGHT($G15,1)) | L15: =IF(OR($D15=0,$E15=0),0,SUMPRODUCT(($AH$3:$CS$3>MIN($D15,$E15))*($AH$3:$CS$3<MAX($D15,$E15))*(MOD($AH$3:$CS$3-MIN($D15,$E15),MAX(1,ABS(SIGN($J15)*8+SIGN($I15))))=0)*($AH14:$CS14<>""))) -> 0 | M15: =IF($K15<>"K",0,IFERROR(--AND($J15=0,ABS($I15)=2,$D15=IF($F15="w",5,61),IF($F15="w",$S14,$V14)=0,IF($I15=2,AND(IF($F15="w",$U14,$X14)=0,INDEX($AH14:$CS14,1,$D15+1)&""="",INDEX($AH14:$CS14,1,$D15+2)&""=""),AND(IF($F15="w",$T14,$W14)=0,INDEX($AH14:$CS14,1,$D15-1)&""="",INDEX($AH14:$CS14,1,$D15-2)&""="",INDEX($AH14:$CS14,1,$D15-3)&""=""))),0)) -> 0 | N15: =IF($K15<>"P",0,IFERROR(--OR(AND($I15=0,$J15=IF($F15="w",1,-1),$H15=""),AND($I15=0,$J15=2*IF($F15="w",1,-1),$H15="",INT(($D15-1)/8)=IF($F15="w",1,6),INDEX($AH14:$CS14,1,MAX(1,MIN(64,$D15+8*IF($F15="w",1,-1))))&""=""),AND(ABS($I15)=1,$J15=IF($F15="w",1,-1),$H15<>""),AND(ABS($I15)=1,$J15=IF($F15="w",1,-1),$H15="",$R14>0,$E15=$R14)),0)) -> 0 | O15: =IF(OR($D15=0,$E15=0,$G15=""),0,IF($K15="N",--OR(AND(ABS($I15)=1,ABS($J15)=2),AND(ABS($I15)=2,ABS($J15)=1)),IF($K15="B",--AND(ABS($I15)=ABS($J15),$I15<>0,$L15=0),IF($K15="R",--AND(OR($I15=0,$J15=0),OR($I15<>0,$J15<>0),$L15=0),IF($K15="Q",--AND(OR(AND(ABS($I15)=ABS($J15),$I15<>0),AND(OR($I15=0,$J15=0),OR($I15<>0,$J15<>0))),$L15=0),IF($K15="K",--OR(MAX(ABS($I15),ABS($J15))=1,$M15=1),$N15)))))) -> 0 | P15: =IF($Q15="OK",1,0) -> 0 | Q15: =IF($B15="","",IF(OR(COUNTIF($AH14:$CS14,"wK")=0,COUNTIF($AH14:$CS14,"bK")=0),"Game is over",IF(OR($D15=0,$E15=0),"Use the format e2e4",IF($G15="","No piece on that square",IF(LEFT($G15,1)<>$F15,"Not your piece ("&IF($F15="w","White","Black")&" to move)",IF($D15=$E15,"Piece must move",IF(AND($H15<>"",LEFT($H15,1)=$F15),"Cannot capture your own piece",IF($O15=0,"Illegal move for that piece (or path blocked)","OK")))))))) | R15: =IF($P15=1,IF(AND($K15="P",ABS($J15)=2),($D15+$E15)/2,0),$R14) -> 0 | S15: =--OR($S14=1,AND($P15=1,OR($D15=5,$E15=5))) -> FALSE | T15: =--OR($T14=1,AND($P15=1,OR($D15=1,$E15=1))) -> FALSE | U15: =--OR($U14=1,AND($P15=1,OR($D15=8,$E15=8))) -> FALSE | V15: =--OR($V14=1,AND($P15=1,OR($D15=61,$E15=61))) -> FALSE | W15: =--OR($W14=1,AND($P15=1,OR($D15=57,$E15=57))) -> FALSE | X15: =--OR($X14=1,AND($P15=1,OR($D15=64,$E15=64))) -> FALSE | Y15: =--AND($P15=1,$K15="K",ABS($I15)=2) -> FALSE | Z15: =--AND($P15=1,$K15="P",ABS($I15)=1,$H15="") -> FALSE | AA15: =--AND($P15=1,$K15="P",INT(($E15-1)/8)=IF($F15="w",7,0)) -> FALSE | AB15: =IF(LEN($C15)>=5,IF(ISNUMBER(FIND(MID($C15,5,1),"qrbn")),UPPER(MID($C15,5,1)),"Q"),"Q") -> Q | AC15: =IF($Y15=1,IF($I15=2,$D15+3,$D15-4),0) -> 0 | AD15: =IF($Y15=1,IF($I15=2,$D15+1,$D15-1),0) -> 0 | AE15: =IF($Z15=1,$E15-8*IF($F15="w",1,-1),0) -> 0 | AF15: =IF($B15="","",IF($P15=1,LOWER(INDEX($CV$2:$CV$13,MATCH($G15,$CU$2:$CU$13,0)))&" "&MID("abcdefgh",MOD($D15-1,8)+1,1)&(INT(($D15-1)/8)+1)&"→"&MID("abcdefgh",MOD($E15-1,8)+1,1)&(INT(($E15-1)/8)+1)&IF(OR($H15<>"",$Z15=1)," ×","")&IF($Y15=1," castles","")&IF($Z15=1," e.p.","")&IF($AA15=1," =" &LOWER(INDEX($CV$2:$CV$13,MATCH($F15&$AB15,$CU$2:$CU$13,0))),""),"X "&$Q15)) | AH15: =IF($P15=0,AH14,IF(AH$3=$E15,IF($AA15=1,$F15&$AB15,$G15),IF(OR(AH$3=$D15,AH$3=$AC15,AH$3=$AE15),"",IF(AH$3=$AD15,$F15&"R",AH14)))) -> wR | AI15: =IF($P15=0,AI14,IF(AI$3=$E15,IF($AA15=1,$F15&$AB15,$G15),IF(OR(AI$3=$D15,AI$3=$AC15,AI$3=$AE15),"",IF(AI$3=$AD15,$F15&"R",AI14)))) -> wN | AJ15: =IF($P15=0,AJ14,IF(AJ$3=$E15,IF($AA15=1,$F15&$AB15,$G15),IF(OR(AJ$3=$D15,AJ$3=$AC15,AJ$3=$AE15),"",IF(AJ$3=$AD15,$F15&"R",AJ14)))) -> wB | AK15: =IF($P15=0,AK14,IF(AK$3=$E15,IF($AA15=1,$F15&$AB15,$G15),IF(OR(AK$3=$D15,AK$3=$AC15,AK$3=$AE15),"",IF(AK$3=$AD15,$F15&"R",AK14)))) -> wQ | AL15: =IF($P15=0,AL14,IF(AL$3=$E15,IF($AA15=1,$F15&$AB15,$G15),IF(OR(AL$3=$D15,AL$3=$AC15,AL$3=$AE15),"",IF(AL$3=$AD15,$F15&"R",AL14)))) -> wK | AM15: =IF($P15=0,AM14,IF(AM$3=$E15,IF($AA15=1,$F15&$AB15,$G15),IF(OR(AM$3=$D15,AM$3=$AC15,AM$3=$AE15),"",IF(AM$3=$AD15,$F15&"R",AM14)))) -> wB | AN15: =IF($P15=0,AN14,IF(AN$3=$E15,IF($AA15=1,$F15&$AB15,$G15),IF(OR(AN$3=$D15,AN$3=$AC15,AN$3=$AE15),"",IF(AN$3=$AD15,$F15&"R",AN14)))) -> wN | AO15: =IF($P15=0,AO14,IF(AO$3=$E15,IF($AA15=1,$F15&$AB15,$G15),IF(OR(AO$3=$D15,AO$3=$AC15,AO$3=$AE15),"",IF(AO$3=$AD15,$F15&"R",AO14)))) -> wR | ... CS15: =IF($P15=0,CS14,IF(CS$3=$E15,IF($AA15=1,$F15&$AB15,$G15),IF(OR(CS$3=$D15,CS$3=$AC15,CS$3=$AE15),"",IF(CS$3=$AD15,$F15&"R",CS14)))) -> bR
A16: 11 | B16: =IF(Chess!$L$20="","",Chess!$L$20&"") | C16: =LOWER(SUBSTITUTE(SUBSTITUTE(SUBSTITUTE(SUBSTITUTE(TRIM($B16),"-",""),"=","")," ",""),"x","")) | D16: =IF(LEN($C16)<4,0,IFERROR(IF(AND(CODE(MID($C16,1,1))>=97,CODE(MID($C16,1,1))<=104,VALUE(MID($C16,2,1))>=1,VALUE(MID($C16,2,1))<=8),(VALUE(MID($C16,2,1))-1)*8+CODE(MID($C16,1,1))-96,0),0)) -> 0 | E16: =IF(LEN($C16)<4,0,IFERROR(IF(AND(CODE(MID($C16,3,1))>=97,CODE(MID($C16,3,1))<=104,VALUE(MID($C16,4,1))>=1,VALUE(MID($C16,4,1))<=8),(VALUE(MID($C16,4,1))-1)*8+CODE(MID($C16,3,1))-96,0),0)) -> 0 | F16: =IF(MOD(SUM($P$5:$P15),2)=0,"w","b") -> w | G16: =IF($D16=0,"",INDEX($AH15:$CS15,1,$D16)&"") | H16: =IF($E16=0,"",INDEX($AH15:$CS15,1,$E16)&"") | I16: =IF(OR($D16=0,$E16=0),0,MOD($E16-1,8)-MOD($D16-1,8)) -> 0 | J16: =IF(OR($D16=0,$E16=0),0,INT(($E16-1)/8)-INT(($D16-1)/8)) -> 0 | K16: =IF($G16="","",RIGHT($G16,1)) | L16: =IF(OR($D16=0,$E16=0),0,SUMPRODUCT(($AH$3:$CS$3>MIN($D16,$E16))*($AH$3:$CS$3<MAX($D16,$E16))*(MOD($AH$3:$CS$3-MIN($D16,$E16),MAX(1,ABS(SIGN($J16)*8+SIGN($I16))))=0)*($AH15:$CS15<>""))) -> 0 | M16: =IF($K16<>"K",0,IFERROR(--AND($J16=0,ABS($I16)=2,$D16=IF($F16="w",5,61),IF($F16="w",$S15,$V15)=0,IF($I16=2,AND(IF($F16="w",$U15,$X15)=0,INDEX($AH15:$CS15,1,$D16+1)&""="",INDEX($AH15:$CS15,1,$D16+2)&""=""),AND(IF($F16="w",$T15,$W15)=0,INDEX($AH15:$CS15,1,$D16-1)&""="",INDEX($AH15:$CS15,1,$D16-2)&""="",INDEX($AH15:$CS15,1,$D16-3)&""=""))),0)) -> 0 | N16: =IF($K16<>"P",0,IFERROR(--OR(AND($I16=0,$J16=IF($F16="w",1,-1),$H16=""),AND($I16=0,$J16=2*IF($F16="w",1,-1),$H16="",INT(($D16-1)/8)=IF($F16="w",1,6),INDEX($AH15:$CS15,1,MAX(1,MIN(64,$D16+8*IF($F16="w",1,-1))))&""=""),AND(ABS($I16)=1,$J16=IF($F16="w",1,-1),$H16<>""),AND(ABS($I16)=1,$J16=IF($F16="w",1,-1),$H16="",$R15>0,$E16=$R15)),0)) -> 0 | O16: =IF(OR($D16=0,$E16=0,$G16=""),0,IF($K16="N",--OR(AND(ABS($I16)=1,ABS($J16)=2),AND(ABS($I16)=2,ABS($J16)=1)),IF($K16="B",--AND(ABS($I16)=ABS($J16),$I16<>0,$L16=0),IF($K16="R",--AND(OR($I16=0,$J16=0),OR($I16<>0,$J16<>0),$L16=0),IF($K16="Q",--AND(OR(AND(ABS($I16)=ABS($J16),$I16<>0),AND(OR($I16=0,$J16=0),OR($I16<>0,$J16<>0))),$L16=0),IF($K16="K",--OR(MAX(ABS($I16),ABS($J16))=1,$M16=1),$N16)))))) -> 0 | P16: =IF($Q16="OK",1,0) -> 0 | Q16: =IF($B16="","",IF(OR(COUNTIF($AH15:$CS15,"wK")=0,COUNTIF($AH15:$CS15,"bK")=0),"Game is over",IF(OR($D16=0,$E16=0),"Use the format e2e4",IF($G16="","No piece on that square",IF(LEFT($G16,1)<>$F16,"Not your piece ("&IF($F16="w","White","Black")&" to move)",IF($D16=$E16,"Piece must move",IF(AND($H16<>"",LEFT($H16,1)=$F16),"Cannot capture your own piece",IF($O16=0,"Illegal move for that piece (or path blocked)","OK")))))))) | R16: =IF($P16=1,IF(AND($K16="P",ABS($J16)=2),($D16+$E16)/2,0),$R15) -> 0 | S16: =--OR($S15=1,AND($P16=1,OR($D16=5,$E16=5))) -> FALSE | T16: =--OR($T15=1,AND($P16=1,OR($D16=1,$E16=1))) -> FALSE | U16: =--OR($U15=1,AND($P16=1,OR($D16=8,$E16=8))) -> FALSE | V16: =--OR($V15=1,AND($P16=1,OR($D16=61,$E16=61))) -> FALSE | W16: =--OR($W15=1,AND($P16=1,OR($D16=57,$E16=57))) -> FALSE | X16: =--OR($X15=1,AND($P16=1,OR($D16=64,$E16=64))) -> FALSE | Y16: =--AND($P16=1,$K16="K",ABS($I16)=2) -> FALSE | Z16: =--AND($P16=1,$K16="P",ABS($I16)=1,$H16="") -> FALSE | AA16: =--AND($P16=1,$K16="P",INT(($E16-1)/8)=IF($F16="w",7,0)) -> FALSE | AB16: =IF(LEN($C16)>=5,IF(ISNUMBER(FIND(MID($C16,5,1),"qrbn")),UPPER(MID($C16,5,1)),"Q"),"Q") -> Q | AC16: =IF($Y16=1,IF($I16=2,$D16+3,$D16-4),0) -> 0 | AD16: =IF($Y16=1,IF($I16=2,$D16+1,$D16-1),0) -> 0 | AE16: =IF($Z16=1,$E16-8*IF($F16="w",1,-1),0) -> 0 | AF16: =IF($B16="","",IF($P16=1,LOWER(INDEX($CV$2:$CV$13,MATCH($G16,$CU$2:$CU$13,0)))&" "&MID("abcdefgh",MOD($D16-1,8)+1,1)&(INT(($D16-1)/8)+1)&"→"&MID("abcdefgh",MOD($E16-1,8)+1,1)&(INT(($E16-1)/8)+1)&IF(OR($H16<>"",$Z16=1)," ×","")&IF($Y16=1," castles","")&IF($Z16=1," e.p.","")&IF($AA16=1," =" &LOWER(INDEX($CV$2:$CV$13,MATCH($F16&$AB16,$CU$2:$CU$13,0))),""),"X "&$Q16)) | AH16: =IF($P16=0,AH15,IF(AH$3=$E16,IF($AA16=1,$F16&$AB16,$G16),IF(OR(AH$3=$D16,AH$3=$AC16,AH$3=$AE16),"",IF(AH$3=$AD16,$F16&"R",AH15)))) -> wR | AI16: =IF($P16=0,AI15,IF(AI$3=$E16,IF($AA16=1,$F16&$AB16,$G16),IF(OR(AI$3=$D16,AI$3=$AC16,AI$3=$AE16),"",IF(AI$3=$AD16,$F16&"R",AI15)))) -> wN | AJ16: =IF($P16=0,AJ15,IF(AJ$3=$E16,IF($AA16=1,$F16&$AB16,$G16),IF(OR(AJ$3=$D16,AJ$3=$AC16,AJ$3=$AE16),"",IF(AJ$3=$AD16,$F16&"R",AJ15)))) -> wB | AK16: =IF($P16=0,AK15,IF(AK$3=$E16,IF($AA16=1,$F16&$AB16,$G16),IF(OR(AK$3=$D16,AK$3=$AC16,AK$3=$AE16),"",IF(AK$3=$AD16,$F16&"R",AK15)))) -> wQ | AL16: =IF($P16=0,AL15,IF(AL$3=$E16,IF($AA16=1,$F16&$AB16,$G16),IF(OR(AL$3=$D16,AL$3=$AC16,AL$3=$AE16),"",IF(AL$3=$AD16,$F16&"R",AL15)))) -> wK | AM16: =IF($P16=0,AM15,IF(AM$3=$E16,IF($AA16=1,$F16&$AB16,$G16),IF(OR(AM$3=$D16,AM$3=$AC16,AM$3=$AE16),"",IF(AM$3=$AD16,$F16&"R",AM15)))) -> wB | AN16: =IF($P16=0,AN15,IF(AN$3=$E16,IF($AA16=1,$F16&$AB16,$G16),IF(OR(AN$3=$D16,AN$3=$AC16,AN$3=$AE16),"",IF(AN$3=$AD16,$F16&"R",AN15)))) -> wN | AO16: =IF($P16=0,AO15,IF(AO$3=$E16,IF($AA16=1,$F16&$AB16,$G16),IF(OR(AO$3=$D16,AO$3=$AC16,AO$3=$AE16),"",IF(AO$3=$AD16,$F16&"R",AO15)))) -> wR | ... CS16: =IF($P16=0,CS15,IF(CS$3=$E16,IF($AA16=1,$F16&$AB16,$G16),IF(OR(CS$3=$D16,CS$3=$AC16,CS$3=$AE16),"",IF(CS$3=$AD16,$F16&"R",CS15)))) -> bR
A17: 12 | B17: =IF(Chess!$L$21="","",Chess!$L$21&"") | C17: =LOWER(SUBSTITUTE(SUBSTITUTE(SUBSTITUTE(SUBSTITUTE(TRIM($B17),"-",""),"=","")," ",""),"x","")) | D17: =IF(LEN($C17)<4,0,IFERROR(IF(AND(CODE(MID($C17,1,1))>=97,CODE(MID($C17,1,1))<=104,VALUE(MID($C17,2,1))>=1,VALUE(MID($C17,2,1))<=8),(VALUE(MID($C17,2,1))-1)*8+CODE(MID($C17,1,1))-96,0),0)) -> 0 | E17: =IF(LEN($C17)<4,0,IFERROR(IF(AND(CODE(MID($C17,3,1))>=97,CODE(MID($C17,3,1))<=104,VALUE(MID($C17,4,1))>=1,VALUE(MID($C17,4,1))<=8),(VALUE(MID($C17,4,1))-1)*8+CODE(MID($C17,3,1))-96,0),0)) -> 0 | F17: =IF(MOD(SUM($P$5:$P16),2)=0,"w","b") -> w | G17: =IF($D17=0,"",INDEX($AH16:$CS16,1,$D17)&"") | H17: =IF($E17=0,"",INDEX($AH16:$CS16,1,$E17)&"") | I17: =IF(OR($D17=0,$E17=0),0,MOD($E17-1,8)-MOD($D17-1,8)) -> 0 | J17: =IF(OR($D17=0,$E17=0),0,INT(($E17-1)/8)-INT(($D17-1)/8)) -> 0 | K17: =IF($G17="","",RIGHT($G17,1)) | L17: =IF(OR($D17=0,$E17=0),0,SUMPRODUCT(($AH$3:$CS$3>MIN($D17,$E17))*($AH$3:$CS$3<MAX($D17,$E17))*(MOD($AH$3:$CS$3-MIN($D17,$E17),MAX(1,ABS(SIGN($J17)*8+SIGN($I17))))=0)*($AH16:$CS16<>""))) -> 0 | M17: =IF($K17<>"K",0,IFERROR(--AND($J17=0,ABS($I17)=2,$D17=IF($F17="w",5,61),IF($F17="w",$S16,$V16)=0,IF($I17=2,AND(IF($F17="w",$U16,$X16)=0,INDEX($AH16:$CS16,1,$D17+1)&""="",INDEX($AH16:$CS16,1,$D17+2)&""=""),AND(IF($F17="w",$T16,$W16)=0,INDEX($AH16:$CS16,1,$D17-1)&""="",INDEX($AH16:$CS16,1,$D17-2)&""="",INDEX($AH16:$CS16,1,$D17-3)&""=""))),0)) -> 0 | N17: =IF($K17<>"P",0,IFERROR(--OR(AND($I17=0,$J17=IF($F17="w",1,-1),$H17=""),AND($I17=0,$J17=2*IF($F17="w",1,-1),$H17="",INT(($D17-1)/8)=IF($F17="w",1,6),INDEX($AH16:$CS16,1,MAX(1,MIN(64,$D17+8*IF($F17="w",1,-1))))&""=""),AND(ABS($I17)=1,$J17=IF($F17="w",1,-1),$H17<>""),AND(ABS($I17)=1,$J17=IF($F17="w",1,-1),$H17="",$R16>0,$E17=$R16)),0)) -> 0 | O17: =IF(OR($D17=0,$E17=0,$G17=""),0,IF($K17="N",--OR(AND(ABS($I17)=1,ABS($J17)=2),AND(ABS($I17)=2,ABS($J17)=1)),IF($K17="B",--AND(ABS($I17)=ABS($J17),$I17<>0,$L17=0),IF($K17="R",--AND(OR($I17=0,$J17=0),OR($I17<>0,$J17<>0),$L17=0),IF($K17="Q",--AND(OR(AND(ABS($I17)=ABS($J17),$I17<>0),AND(OR($I17=0,$J17=0),OR($I17<>0,$J17<>0))),$L17=0),IF($K17="K",--OR(MAX(ABS($I17),ABS($J17))=1,$M17=1),$N17)))))) -> 0 | P17: =IF($Q17="OK",1,0) -> 0 | Q17: =IF($B17="","",IF(OR(COUNTIF($AH16:$CS16,"wK")=0,COUNTIF($AH16:$CS16,"bK")=0),"Game is over",IF(OR($D17=0,$E17=0),"Use the format e2e4",IF($G17="","No piece on that square",IF(LEFT($G17,1)<>$F17,"Not your piece ("&IF($F17="w","White","Black")&" to move)",IF($D17=$E17,"Piece must move",IF(AND($H17<>"",LEFT($H17,1)=$F17),"Cannot capture your own piece",IF($O17=0,"Illegal move for that piece (or path blocked)","OK")))))))) | R17: =IF($P17=1,IF(AND($K17="P",ABS($J17)=2),($D17+$E17)/2,0),$R16) -> 0 | S17: =--OR($S16=1,AND($P17=1,OR($D17=5,$E17=5))) -> FALSE | T17: =--OR($T16=1,AND($P17=1,OR($D17=1,$E17=1))) -> FALSE | U17: =--OR($U16=1,AND($P17=1,OR($D17=8,$E17=8))) -> FALSE | V17: =--OR($V16=1,AND($P17=1,OR($D17=61,$E17=61))) -> FALSE | W17: =--OR($W16=1,AND($P17=1,OR($D17=57,$E17=57))) -> FALSE | X17: =--OR($X16=1,AND($P17=1,OR($D17=64,$E17=64))) -> FALSE | Y17: =--AND($P17=1,$K17="K",ABS($I17)=2) -> FALSE | Z17: =--AND($P17=1,$K17="P",ABS($I17)=1,$H17="") -> FALSE | AA17: =--AND($P17=1,$K17="P",INT(($E17-1)/8)=IF($F17="w",7,0)) -> FALSE | AB17: =IF(LEN($C17)>=5,IF(ISNUMBER(FIND(MID($C17,5,1),"qrbn")),UPPER(MID($C17,5,1)),"Q"),"Q") -> Q | AC17: =IF($Y17=1,IF($I17=2,$D17+3,$D17-4),0) -> 0 | AD17: =IF($Y17=1,IF($I17=2,$D17+1,$D17-1),0) -> 0 | AE17: =IF($Z17=1,$E17-8*IF($F17="w",1,-1),0) -> 0 | AF17: =IF($B17="","",IF($P17=1,LOWER(INDEX($CV$2:$CV$13,MATCH($G17,$CU$2:$CU$13,0)))&" "&MID("abcdefgh",MOD($D17-1,8)+1,1)&(INT(($D17-1)/8)+1)&"→"&MID("abcdefgh",MOD($E17-1,8)+1,1)&(INT(($E17-1)/8)+1)&IF(OR($H17<>"",$Z17=1)," ×","")&IF($Y17=1," castles","")&IF($Z17=1," e.p.","")&IF($AA17=1," =" &LOWER(INDEX($CV$2:$CV$13,MATCH($F17&$AB17,$CU$2:$CU$13,0))),""),"X "&$Q17)) | AH17: =IF($P17=0,AH16,IF(AH$3=$E17,IF($AA17=1,$F17&$AB17,$G17),IF(OR(AH$3=$D17,AH$3=$AC17,AH$3=$AE17),"",IF(AH$3=$AD17,$F17&"R",AH16)))) -> wR | AI17: =IF($P17=0,AI16,IF(AI$3=$E17,IF($AA17=1,$F17&$AB17,$G17),IF(OR(AI$3=$D17,AI$3=$AC17,AI$3=$AE17),"",IF(AI$3=$AD17,$F17&"R",AI16)))) -> wN | AJ17: =IF($P17=0,AJ16,IF(AJ$3=$E17,IF($AA17=1,$F17&$AB17,$G17),IF(OR(AJ$3=$D17,AJ$3=$AC17,AJ$3=$AE17),"",IF(AJ$3=$AD17,$F17&"R",AJ16)))) -> wB | AK17: =IF($P17=0,AK16,IF(AK$3=$E17,IF($AA17=1,$F17&$AB17,$G17),IF(OR(AK$3=$D17,AK$3=$AC17,AK$3=$AE17),"",IF(AK$3=$AD17,$F17&"R",AK16)))) -> wQ | AL17: =IF($P17=0,AL16,IF(AL$3=$E17,IF($AA17=1,$F17&$AB17,$G17),IF(OR(AL$3=$D17,AL$3=$AC17,AL$3=$AE17),"",IF(AL$3=$AD17,$F17&"R",AL16)))) -> wK | AM17: =IF($P17=0,AM16,IF(AM$3=$E17,IF($AA17=1,$F17&$AB17,$G17),IF(OR(AM$3=$D17,AM$3=$AC17,AM$3=$AE17),"",IF(AM$3=$AD17,$F17&"R",AM16)))) -> wB | AN17: =IF($P17=0,AN16,IF(AN$3=$E17,IF($AA17=1,$F17&$AB17,$G17),IF(OR(AN$3=$D17,AN$3=$AC17,AN$3=$AE17),"",IF(AN$3=$AD17,$F17&"R",AN16)))) -> wN | AO17: =IF($P17=0,AO16,IF(AO$3=$E17,IF($AA17=1,$F17&$AB17,$G17),IF(OR(AO$3=$D17,AO$3=$AC17,AO$3=$AE17),"",IF(AO$3=$AD17,$F17&"R",AO16)))) -> wR | ... CS17: =IF($P17=0,CS16,IF(CS$3=$E17,IF($AA17=1,$F17&$AB17,$G17),IF(OR(CS$3=$D17,CS$3=$AC17,CS$3=$AE17),"",IF(CS$3=$AD17,$F17&"R",CS16)))) -> bR
A18: 13 | B18: =IF(Chess!$L$22="","",Chess!$L$22&"") | C18: =LOWER(SUBSTITUTE(SUBSTITUTE(SUBSTITUTE(SUBSTITUTE(TRIM($B18),"-",""),"=","")," ",""),"x","")) | D18: =IF(LEN($C18)<4,0,IFERROR(IF(AND(CODE(MID($C18,1,1))>=97,CODE(MID($C18,1,1))<=104,VALUE(MID($C18,2,1))>=1,VALUE(MID($C18,2,1))<=8),(VALUE(MID($C18,2,1))-1)*8+CODE(MID($C18,1,1))-96,0),0)) -> 0 | E18: =IF(LEN($C18)<4,0,IFERROR(IF(AND(CODE(MID($C18,3,1))>=97,CODE(MID($C18,3,1))<=104,VALUE(MID($C18,4,1))>=1,VALUE(MID($C18,4,1))<=8),(VALUE(MID($C18,4,1))-1)*8+CODE(MID($C18,3,1))-96,0),0)) -> 0 | F18: =IF(MOD(SUM($P$5:$P17),2)=0,"w","b") -> w | G18: =IF($D18=0,"",INDEX($AH17:$CS17,1,$D18)&"") | H18: =IF($E18=0,"",INDEX($AH17:$CS17,1,$E18)&"") | I18: =IF(OR($D18=0,$E18=0),0,MOD($E18-1,8)-MOD($D18-1,8)) -> 0 | J18: =IF(OR($D18=0,$E18=0),0,INT(($E18-1)/8)-INT(($D18-1)/8)) -> 0 | K18: =IF($G18="","",RIGHT($G18,1)) | L18: =IF(OR($D18=0,$E18=0),0,SUMPRODUCT(($AH$3:$CS$3>MIN($D18,$E18))*($AH$3:$CS$3<MAX($D18,$E18))*(MOD($AH$3:$CS$3-MIN($D18,$E18),MAX(1,ABS(SIGN($J18)*8+SIGN($I18))))=0)*($AH17:$CS17<>""))) -> 0 | M18: =IF($K18<>"K",0,IFERROR(--AND($J18=0,ABS($I18)=2,$D18=IF($F18="w",5,61),IF($F18="w",$S17,$V17)=0,IF($I18=2,AND(IF($F18="w",$U17,$X17)=0,INDEX($AH17:$CS17,1,$D18+1)&""="",INDEX($AH17:$CS17,1,$D18+2)&""=""),AND(IF($F18="w",$T17,$W17)=0,INDEX($AH17:$CS17,1,$D18-1)&""="",INDEX($AH17:$CS17,1,$D18-2)&""="",INDEX($AH17:$CS17,1,$D18-3)&""=""))),0)) -> 0 | N18: =IF($K18<>"P",0,IFERROR(--OR(AND($I18=0,$J18=IF($F18="w",1,-1),$H18=""),AND($I18=0,$J18=2*IF($F18="w",1,-1),$H18="",INT(($D18-1)/8)=IF($F18="w",1,6),INDEX($AH17:$CS17,1,MAX(1,MIN(64,$D18+8*IF($F18="w",1,-1))))&""=""),AND(ABS($I18)=1,$J18=IF($F18="w",1,-1),$H18<>""),AND(ABS($I18)=1,$J18=IF($F18="w",1,-1),$H18="",$R17>0,$E18=$R17)),0)) -> 0 | O18: =IF(OR($D18=0,$E18=0,$G18=""),0,IF($K18="N",--OR(AND(ABS($I18)=1,ABS($J18)=2),AND(ABS($I18)=2,ABS($J18)=1)),IF($K18="B",--AND(ABS($I18)=ABS($J18),$I18<>0,$L18=0),IF($K18="R",--AND(OR($I18=0,$J18=0),OR($I18<>0,$J18<>0),$L18=0),IF($K18="Q",--AND(OR(AND(ABS($I18)=ABS($J18),$I18<>0),AND(OR($I18=0,$J18=0),OR($I18<>0,$J18<>0))),$L18=0),IF($K18="K",--OR(MAX(ABS($I18),ABS($J18))=1,$M18=1),$N18)))))) -> 0 | P18: =IF($Q18="OK",1,0) -> 0 | Q18: =IF($B18="","",IF(OR(COUNTIF($AH17:$CS17,"wK")=0,COUNTIF($AH17:$CS17,"bK")=0),"Game is over",IF(OR($D18=0,$E18=0),"Use the format e2e4",IF($G18="","No piece on that square",IF(LEFT($G18,1)<>$F18,"Not your piece ("&IF($F18="w","White","Black")&" to move)",IF($D18=$E18,"Piece must move",IF(AND($H18<>"",LEFT($H18,1)=$F18),"Cannot capture your own piece",IF($O18=0,"Illegal move for that piece (or path blocked)","OK")))))))) | R18: =IF($P18=1,IF(AND($K18="P",ABS($J18)=2),($D18+$E18)/2,0),$R17) -> 0 | S18: =--OR($S17=1,AND($P18=1,OR($D18=5,$E18=5))) -> FALSE | T18: =--OR($T17=1,AND($P18=1,OR($D18=1,$E18=1))) -> FALSE | U18: =--OR($U17=1,AND($P18=1,OR($D18=8,$E18=8))) -> FALSE | V18: =--OR($V17=1,AND($P18=1,OR($D18=61,$E18=61))) -> FALSE | W18: =--OR($W17=1,AND($P18=1,OR($D18=57,$E18=57))) -> FALSE | X18: =--OR($X17=1,AND($P18=1,OR($D18=64,$E18=64))) -> FALSE | Y18: =--AND($P18=1,$K18="K",ABS($I18)=2) -> FALSE | Z18: =--AND($P18=1,$K18="P",ABS($I18)=1,$H18="") -> FALSE | AA18: =--AND($P18=1,$K18="P",INT(($E18-1)/8)=IF($F18="w",7,0)) -> FALSE | AB18: =IF(LEN($C18)>=5,IF(ISNUMBER(FIND(MID($C18,5,1),"qrbn")),UPPER(MID($C18,5,1)),"Q"),"Q") -> Q | AC18: =IF($Y18=1,IF($I18=2,$D18+3,$D18-4),0) -> 0 | AD18: =IF($Y18=1,IF($I18=2,$D18+1,$D18-1),0) -> 0 | AE18: =IF($Z18=1,$E18-8*IF($F18="w",1,-1),0) -> 0 | AF18: =IF($B18="","",IF($P18=1,LOWER(INDEX($CV$2:$CV$13,MATCH($G18,$CU$2:$CU$13,0)))&" "&MID("abcdefgh",MOD($D18-1,8)+1,1)&(INT(($D18-1)/8)+1)&"→"&MID("abcdefgh",MOD($E18-1,8)+1,1)&(INT(($E18-1)/8)+1)&IF(OR($H18<>"",$Z18=1)," ×","")&IF($Y18=1," castles","")&IF($Z18=1," e.p.","")&IF($AA18=1," =" &LOWER(INDEX($CV$2:$CV$13,MATCH($F18&$AB18,$CU$2:$CU$13,0))),""),"X "&$Q18)) | AH18: =IF($P18=0,AH17,IF(AH$3=$E18,IF($AA18=1,$F18&$AB18,$G18),IF(OR(AH$3=$D18,AH$3=$AC18,AH$3=$AE18),"",IF(AH$3=$AD18,$F18&"R",AH17)))) -> wR | AI18: =IF($P18=0,AI17,IF(AI$3=$E18,IF($AA18=1,$F18&$AB18,$G18),IF(OR(AI$3=$D18,AI$3=$AC18,AI$3=$AE18),"",IF(AI$3=$AD18,$F18&"R",AI17)))) -> wN | AJ18: =IF($P18=0,AJ17,IF(AJ$3=$E18,IF($AA18=1,$F18&$AB18,$G18),IF(OR(AJ$3=$D18,AJ$3=$AC18,AJ$3=$AE18),"",IF(AJ$3=$AD18,$F18&"R",AJ17)))) -> wB | AK18: =IF($P18=0,AK17,IF(AK$3=$E18,IF($AA18=1,$F18&$AB18,$G18),IF(OR(AK$3=$D18,AK$3=$AC18,AK$3=$AE18),"",IF(AK$3=$AD18,$F18&"R",AK17)))) -> wQ | AL18: =IF($P18=0,AL17,IF(AL$3=$E18,IF($AA18=1,$F18&$AB18,$G18),IF(OR(AL$3=$D18,AL$3=$AC18,AL$3=$AE18),"",IF(AL$3=$AD18,$F18&"R",AL17)))) -> wK | AM18: =IF($P18=0,AM17,IF(AM$3=$E18,IF($AA18=1,$F18&$AB18,$G18),IF(OR(AM$3=$D18,AM$3=$AC18,AM$3=$AE18),"",IF(AM$3=$AD18,$F18&"R",AM17)))) -> wB | AN18: =IF($P18=0,AN17,IF(AN$3=$E18,IF($AA18=1,$F18&$AB18,$G18),IF(OR(AN$3=$D18,AN$3=$AC18,AN$3=$AE18),"",IF(AN$3=$AD18,$F18&"R",AN17)))) -> wN | AO18: =IF($P18=0,AO17,IF(AO$3=$E18,IF($AA18=1,$F18&$AB18,$G18),IF(OR(AO$3=$D18,AO$3=$AC18,AO$3=$AE18),"",IF(AO$3=$AD18,$F18&"R",AO17)))) -> wR | ... CS18: =IF($P18=0,CS17,IF(CS$3=$E18,IF($AA18=1,$F18&$AB18,$G18),IF(OR(CS$3=$D18,CS$3=$AC18,CS$3=$AE18),"",IF(CS$3=$AD18,$F18&"R",CS17)))) -> bR
A19: 14 | B19: =IF(Chess!$L$23="","",Chess!$L$23&"") | C19: =LOWER(SUBSTITUTE(SUBSTITUTE(SUBSTITUTE(SUBSTITUTE(TRIM($B19),"-",""),"=","")," ",""),"x","")) | D19: =IF(LEN($C19)<4,0,IFERROR(IF(AND(CODE(MID($C19,1,1))>=97,CODE(MID($C19,1,1))<=104,VALUE(MID($C19,2,1))>=1,VALUE(MID($C19,2,1))<=8),(VALUE(MID($C19,2,1))-1)*8+CODE(MID($C19,1,1))-96,0),0)) -> 0 | E19: =IF(LEN($C19)<4,0,IFERROR(IF(AND(CODE(MID($C19,3,1))>=97,CODE(MID($C19,3,1))<=104,VALUE(MID($C19,4,1))>=1,VALUE(MID($C19,4,1))<=8),(VALUE(MID($C19,4,1))-1)*8+CODE(MID($C19,3,1))-96,0),0)) -> 0 | F19: =IF(MOD(SUM($P$5:$P18),2)=0,"w","b") -> w | G19: =IF($D19=0,"",INDEX($AH18:$CS18,1,$D19)&"") | H19: =IF($E19=0,"",INDEX($AH18:$CS18,1,$E19)&"") | I19: =IF(OR($D19=0,$E19=0),0,MOD($E19-1,8)-MOD($D19-1,8)) -> 0 | J19: =IF(OR($D19=0,$E19=0),0,INT(($E19-1)/8)-INT(($D19-1)/8)) -> 0 | K19: =IF($G19="","",RIGHT($G19,1)) | L19: =IF(OR($D19=0,$E19=0),0,SUMPRODUCT(($AH$3:$CS$3>MIN($D19,$E19))*($AH$3:$CS$3<MAX($D19,$E19))*(MOD($AH$3:$CS$3-MIN($D19,$E19),MAX(1,ABS(SIGN($J19)*8+SIGN($I19))))=0)*($AH18:$CS18<>""))) -> 0 | M19: =IF($K19<>"K",0,IFERROR(--AND($J19=0,ABS($I19)=2,$D19=IF($F19="w",5,61),IF($F19="w",$S18,$V18)=0,IF($I19=2,AND(IF($F19="w",$U18,$X18)=0,INDEX($AH18:$CS18,1,$D19+1)&""="",INDEX($AH18:$CS18,1,$D19+2)&""=""),AND(IF($F19="w",$T18,$W18)=0,INDEX($AH18:$CS18,1,$D19-1)&""="",INDEX($AH18:$CS18,1,$D19-2)&""="",INDEX($AH18:$CS18,1,$D19-3)&""=""))),0)) -> 0 | N19: =IF($K19<>"P",0,IFERROR(--OR(AND($I19=0,$J19=IF($F19="w",1,-1),$H19=""),AND($I19=0,$J19=2*IF($F19="w",1,-1),$H19="",INT(($D19-1)/8)=IF($F19="w",1,6),INDEX($AH18:$CS18,1,MAX(1,MIN(64,$D19+8*IF($F19="w",1,-1))))&""=""),AND(ABS($I19)=1,$J19=IF($F19="w",1,-1),$H19<>""),AND(ABS($I19)=1,$J19=IF($F19="w",1,-1),$H19="",$R18>0,$E19=$R18)),0)) -> 0 | O19: =IF(OR($D19=0,$E19=0,$G19=""),0,IF($K19="N",--OR(AND(ABS($I19)=1,ABS($J19)=2),AND(ABS($I19)=2,ABS($J19)=1)),IF($K19="B",--AND(ABS($I19)=ABS($J19),$I19<>0,$L19=0),IF($K19="R",--AND(OR($I19=0,$J19=0),OR($I19<>0,$J19<>0),$L19=0),IF($K19="Q",--AND(OR(AND(ABS($I19)=ABS($J19),$I19<>0),AND(OR($I19=0,$J19=0),OR($I19<>0,$J19<>0))),$L19=0),IF($K19="K",--OR(MAX(ABS($I19),ABS($J19))=1,$M19=1),$N19)))))) -> 0 | P19: =IF($Q19="OK",1,0) -> 0 | Q19: =IF($B19="","",IF(OR(COUNTIF($AH18:$CS18,"wK")=0,COUNTIF($AH18:$CS18,"bK")=0),"Game is over",IF(OR($D19=0,$E19=0),"Use the format e2e4",IF($G19="","No piece on that square",IF(LEFT($G19,1)<>$F19,"Not your piece ("&IF($F19="w","White","Black")&" to move)",IF($D19=$E19,"Piece must move",IF(AND($H19<>"",LEFT($H19,1)=$F19),"Cannot capture your own piece",IF($O19=0,"Illegal move for that piece (or path blocked)","OK")))))))) | R19: =IF($P19=1,IF(AND($K19="P",ABS($J19)=2),($D19+$E19)/2,0),$R18) -> 0 | S19: =--OR($S18=1,AND($P19=1,OR($D19=5,$E19=5))) -> FALSE | T19: =--OR($T18=1,AND($P19=1,OR($D19=1,$E19=1))) -> FALSE | U19: =--OR($U18=1,AND($P19=1,OR($D19=8,$E19=8))) -> FALSE | V19: =--OR($V18=1,AND($P19=1,OR($D19=61,$E19=61))) -> FALSE | W19: =--OR($W18=1,AND($P19=1,OR($D19=57,$E19=57))) -> FALSE | X19: =--OR($X18=1,AND($P19=1,OR($D19=64,$E19=64))) -> FALSE | Y19: =--AND($P19=1,$K19="K",ABS($I19)=2) -> FALSE | Z19: =--AND($P19=1,$K19="P",ABS($I19)=1,$H19="") -> FALSE | AA19: =--AND($P19=1,$K19="P",INT(($E19-1)/8)=IF($F19="w",7,0)) -> FALSE | AB19: =IF(LEN($C19)>=5,IF(ISNUMBER(FIND(MID($C19,5,1),"qrbn")),UPPER(MID($C19,5,1)),"Q"),"Q") -> Q | AC19: =IF($Y19=1,IF($I19=2,$D19+3,$D19-4),0) -> 0 | AD19: =IF($Y19=1,IF($I19=2,$D19+1,$D19-1),0) -> 0 | AE19: =IF($Z19=1,$E19-8*IF($F19="w",1,-1),0) -> 0 | AF19: =IF($B19="","",IF($P19=1,LOWER(INDEX($CV$2:$CV$13,MATCH($G19,$CU$2:$CU$13,0)))&" "&MID("abcdefgh",MOD($D19-1,8)+1,1)&(INT(($D19-1)/8)+1)&"→"&MID("abcdefgh",MOD($E19-1,8)+1,1)&(INT(($E19-1)/8)+1)&IF(OR($H19<>"",$Z19=1)," ×","")&IF($Y19=1," castles","")&IF($Z19=1," e.p.","")&IF($AA19=1," =" &LOWER(INDEX($CV$2:$CV$13,MATCH($F19&$AB19,$CU$2:$CU$13,0))),""),"X "&$Q19)) | AH19: =IF($P19=0,AH18,IF(AH$3=$E19,IF($AA19=1,$F19&$AB19,$G19),IF(OR(AH$3=$D19,AH$3=$AC19,AH$3=$AE19),"",IF(AH$3=$AD19,$F19&"R",AH18)))) -> wR | AI19: =IF($P19=0,AI18,IF(AI$3=$E19,IF($AA19=1,$F19&$AB19,$G19),IF(OR(AI$3=$D19,AI$3=$AC19,AI$3=$AE19),"",IF(AI$3=$AD19,$F19&"R",AI18)))) -> wN | AJ19: =IF($P19=0,AJ18,IF(AJ$3=$E19,IF($AA19=1,$F19&$AB19,$G19),IF(OR(AJ$3=$D19,AJ$3=$AC19,AJ$3=$AE19),"",IF(AJ$3=$AD19,$F19&"R",AJ18)))) -> wB | AK19: =IF($P19=0,AK18,IF(AK$3=$E19,IF($AA19=1,$F19&$AB19,$G19),IF(OR(AK$3=$D19,AK$3=$AC19,AK$3=$AE19),"",IF(AK$3=$AD19,$F19&"R",AK18)))) -> wQ | AL19: =IF($P19=0,AL18,IF(AL$3=$E19,IF($AA19=1,$F19&$AB19,$G19),IF(OR(AL$3=$D19,AL$3=$AC19,AL$3=$AE19),"",IF(AL$3=$AD19,$F19&"R",AL18)))) -> wK | AM19: =IF($P19=0,AM18,IF(AM$3=$E19,IF($AA19=1,$F19&$AB19,$G19),IF(OR(AM$3=$D19,AM$3=$AC19,AM$3=$AE19),"",IF(AM$3=$AD19,$F19&"R",AM18)))) -> wB | AN19: =IF($P19=0,AN18,IF(AN$3=$E19,IF($AA19=1,$F19&$AB19,$G19),IF(OR(AN$3=$D19,AN$3=$AC19,AN$3=$AE19),"",IF(AN$3=$AD19,$F19&"R",AN18)))) -> wN | AO19: =IF($P19=0,AO18,IF(AO$3=$E19,IF($AA19=1,$F19&$AB19,$G19),IF(OR(AO$3=$D19,AO$3=$AC19,AO$3=$AE19),"",IF(AO$3=$AD19,$F19&"R",AO18)))) -> wR | ... CS19: =IF($P19=0,CS18,IF(CS$3=$E19,IF($AA19=1,$F19&$AB19,$G19),IF(OR(CS$3=$D19,CS$3=$AC19,CS$3=$AE19),"",IF(CS$3=$AD19,$F19&"R",CS18)))) -> bR
A20: 15 | B20: =IF(Chess!$L$24="","",Chess!$L$24&"") | C20: =LOWER(SUBSTITUTE(SUBSTITUTE(SUBSTITUTE(SUBSTITUTE(TRIM($B20),"-",""),"=","")," ",""),"x","")) | D20: =IF(LEN($C20)<4,0,IFERROR(IF(AND(CODE(MID($C20,1,1))>=97,CODE(MID($C20,1,1))<=104,VALUE(MID($C20,2,1))>=1,VALUE(MID($C20,2,1))<=8),(VALUE(MID($C20,2,1))-1)*8+CODE(MID($C20,1,1))-96,0),0)) -> 0 | E20: =IF(LEN($C20)<4,0,IFERROR(IF(AND(CODE(MID($C20,3,1))>=97,CODE(MID($C20,3,1))<=104,VALUE(MID($C20,4,1))>=1,VALUE(MID($C20,4,1))<=8),(VALUE(MID($C20,4,1))-1)*8+CODE(MID($C20,3,1))-96,0),0)) -> 0 | F20: =IF(MOD(SUM($P$5:$P19),2)=0,"w","b") -> w | G20: =IF($D20=0,"",INDEX($AH19:$CS19,1,$D20)&"") | H20: =IF($E20=0,"",INDEX($AH19:$CS19,1,$E20)&"") | I20: =IF(OR($D20=0,$E20=0),0,MOD($E20-1,8)-MOD($D20-1,8)) -> 0 | J20: =IF(OR($D20=0,$E20=0),0,INT(($E20-1)/8)-INT(($D20-1)/8)) -> 0 | K20: =IF($G20="","",RIGHT($G20,1)) | L20: =IF(OR($D20=0,$E20=0),0,SUMPRODUCT(($AH$3:$CS$3>MIN($D20,$E20))*($AH$3:$CS$3<MAX($D20,$E20))*(MOD($AH$3:$CS$3-MIN($D20,$E20),MAX(1,ABS(SIGN($J20)*8+SIGN($I20))))=0)*($AH19:$CS19<>""))) -> 0 | M20: =IF($K20<>"K",0,IFERROR(--AND($J20=0,ABS($I20)=2,$D20=IF($F20="w",5,61),IF($F20="w",$S19,$V19)=0,IF($I20=2,AND(IF($F20="w",$U19,$X19)=0,INDEX($AH19:$CS19,1,$D20+1)&""="",INDEX($AH19:$CS19,1,$D20+2)&""=""),AND(IF($F20="w",$T19,$W19)=0,INDEX($AH19:$CS19,1,$D20-1)&""="",INDEX($AH19:$CS19,1,$D20-2)&""="",INDEX($AH19:$CS19,1,$D20-3)&""=""))),0)) -> 0 | N20: =IF($K20<>"P",0,IFERROR(--OR(AND($I20=0,$J20=IF($F20="w",1,-1),$H20=""),AND($I20=0,$J20=2*IF($F20="w",1,-1),$H20="",INT(($D20-1)/8)=IF($F20="w",1,6),INDEX($AH19:$CS19,1,MAX(1,MIN(64,$D20+8*IF($F20="w",1,-1))))&""=""),AND(ABS($I20)=1,$J20=IF($F20="w",1,-1),$H20<>""),AND(ABS($I20)=1,$J20=IF($F20="w",1,-1),$H20="",$R19>0,$E20=$R19)),0)) -> 0 | O20: =IF(OR($D20=0,$E20=0,$G20=""),0,IF($K20="N",--OR(AND(ABS($I20)=1,ABS($J20)=2),AND(ABS($I20)=2,ABS($J20)=1)),IF($K20="B",--AND(ABS($I20)=ABS($J20),$I20<>0,$L20=0),IF($K20="R",--AND(OR($I20=0,$J20=0),OR($I20<>0,$J20<>0),$L20=0),IF($K20="Q",--AND(OR(AND(ABS($I20)=ABS($J20),$I20<>0),AND(OR($I20=0,$J20=0),OR($I20<>0,$J20<>0))),$L20=0),IF($K20="K",--OR(MAX(ABS($I20),ABS($J20))=1,$M20=1),$N20)))))) -> 0 | P20: =IF($Q20="OK",1,0) -> 0 | Q20: =IF($B20="","",IF(OR(COUNTIF($AH19:$CS19,"wK")=0,COUNTIF($AH19:$CS19,"bK")=0),"Game is over",IF(OR($D20=0,$E20=0),"Use the format e2e4",IF($G20="","No piece on that square",IF(LEFT($G20,1)<>$F20,"Not your piece ("&IF($F20="w","White","Black")&" to move)",IF($D20=$E20,"Piece must move",IF(AND($H20<>"",LEFT($H20,1)=$F20),"Cannot capture your own piece",IF($O20=0,"Illegal move for that piece (or path blocked)","OK")))))))) | R20: =IF($P20=1,IF(AND($K20="P",ABS($J20)=2),($D20+$E20)/2,0),$R19) -> 0 | S20: =--OR($S19=1,AND($P20=1,OR($D20=5,$E20=5))) -> FALSE | T20: =--OR($T19=1,AND($P20=1,OR($D20=1,$E20=1))) -> FALSE | U20: =--OR($U19=1,AND($P20=1,OR($D20=8,$E20=8))) -> FALSE | V20: =--OR($V19=1,AND($P20=1,OR($D20=61,$E20=61))) -> FALSE | W20: =--OR($W19=1,AND($P20=1,OR($D20=57,$E20=57))) -> FALSE | X20: =--OR($X19=1,AND($P20=1,OR($D20=64,$E20=64))) -> FALSE | Y20: =--AND($P20=1,$K20="K",ABS($I20)=2) -> FALSE | Z20: =--AND($P20=1,$K20="P",ABS($I20)=1,$H20="") -> FALSE | AA20: =--AND($P20=1,$K20="P",INT(($E20-1)/8)=IF($F20="w",7,0)) -> FALSE | AB20: =IF(LEN($C20)>=5,IF(ISNUMBER(FIND(MID($C20,5,1),"qrbn")),UPPER(MID($C20,5,1)),"Q"),"Q") -> Q | AC20: =IF($Y20=1,IF($I20=2,$D20+3,$D20-4),0) -> 0 | AD20: =IF($Y20=1,IF($I20=2,$D20+1,$D20-1),0) -> 0 | AE20: =IF($Z20=1,$E20-8*IF($F20="w",1,-1),0) -> 0 | AF20: =IF($B20="","",IF($P20=1,LOWER(INDEX($CV$2:$CV$13,MATCH($G20,$CU$2:$CU$13,0)))&" "&MID("abcdefgh",MOD($D20-1,8)+1,1)&(INT(($D20-1)/8)+1)&"→"&MID("abcdefgh",MOD($E20-1,8)+1,1)&(INT(($E20-1)/8)+1)&IF(OR($H20<>"",$Z20=1)," ×","")&IF($Y20=1," castles","")&IF($Z20=1," e.p.","")&IF($AA20=1," =" &LOWER(INDEX($CV$2:$CV$13,MATCH($F20&$AB20,$CU$2:$CU$13,0))),""),"X "&$Q20)) | AH20: =IF($P20=0,AH19,IF(AH$3=$E20,IF($AA20=1,$F20&$AB20,$G20),IF(OR(AH$3=$D20,AH$3=$AC20,AH$3=$AE20),"",IF(AH$3=$AD20,$F20&"R",AH19)))) -> wR | AI20: =IF($P20=0,AI19,IF(AI$3=$E20,IF($AA20=1,$F20&$AB20,$G20),IF(OR(AI$3=$D20,AI$3=$AC20,AI$3=$AE20),"",IF(AI$3=$AD20,$F20&"R",AI19)))) -> wN | AJ20: =IF($P20=0,AJ19,IF(AJ$3=$E20,IF($AA20=1,$F20&$AB20,$G20),IF(OR(AJ$3=$D20,AJ$3=$AC20,AJ$3=$AE20),"",IF(AJ$3=$AD20,$F20&"R",AJ19)))) -> wB | AK20: =IF($P20=0,AK19,IF(AK$3=$E20,IF($AA20=1,$F20&$AB20,$G20),IF(OR(AK$3=$D20,AK$3=$AC20,AK$3=$AE20),"",IF(AK$3=$AD20,$F20&"R",AK19)))) -> wQ | AL20: =IF($P20=0,AL19,IF(AL$3=$E20,IF($AA20=1,$F20&$AB20,$G20),IF(OR(AL$3=$D20,AL$3=$AC20,AL$3=$AE20),"",IF(AL$3=$AD20,$F20&"R",AL19)))) -> wK | AM20: =IF($P20=0,AM19,IF(AM$3=$E20,IF($AA20=1,$F20&$AB20,$G20),IF(OR(AM$3=$D20,AM$3=$AC20,AM$3=$AE20),"",IF(AM$3=$AD20,$F20&"R",AM19)))) -> wB | AN20: =IF($P20=0,AN19,IF(AN$3=$E20,IF($AA20=1,$F20&$AB20,$G20),IF(OR(AN$3=$D20,AN$3=$AC20,AN$3=$AE20),"",IF(AN$3=$AD20,$F20&"R",AN19)))) -> wN | AO20: =IF($P20=0,AO19,IF(AO$3=$E20,IF($AA20=1,$F20&$AB20,$G20),IF(OR(AO$3=$D20,AO$3=$AC20,AO$3=$AE20),"",IF(AO$3=$AD20,$F20&"R",AO19)))) -> wR | ... CS20: =IF($P20=0,CS19,IF(CS$3=$E20,IF($AA20=1,$F20&$AB20,$G20),IF(OR(CS$3=$D20,CS$3=$AC20,CS$3=$AE20),"",IF(CS$3=$AD20,$F20&"R",CS19)))) -> bR
A21: 16 | B21: =IF(Chess!$L$25="","",Chess!$L$25&"") | C21: =LOWER(SUBSTITUTE(SUBSTITUTE(SUBSTITUTE(SUBSTITUTE(TRIM($B21),"-",""),"=","")," ",""),"x","")) | D21: =IF(LEN($C21)<4,0,IFERROR(IF(AND(CODE(MID($C21,1,1))>=97,CODE(MID($C21,1,1))<=104,VALUE(MID($C21,2,1))>=1,VALUE(MID($C21,2,1))<=8),(VALUE(MID($C21,2,1))-1)*8+CODE(MID($C21,1,1))-96,0),0)) -> 0 | E21: =IF(LEN($C21)<4,0,IFERROR(IF(AND(CODE(MID($C21,3,1))>=97,CODE(MID($C21,3,1))<=104,VALUE(MID($C21,4,1))>=1,VALUE(MID($C21,4,1))<=8),(VALUE(MID($C21,4,1))-1)*8+CODE(MID($C21,3,1))-96,0),0)) -> 0 | F21: =IF(MOD(SUM($P$5:$P20),2)=0,"w","b") -> w | G21: =IF($D21=0,"",INDEX($AH20:$CS20,1,$D21)&"") | H21: =IF($E21=0,"",INDEX($AH20:$CS20,1,$E21)&"") | I21: =IF(OR($D21=0,$E21=0),0,MOD($E21-1,8)-MOD($D21-1,8)) -> 0 | J21: =IF(OR($D21=0,$E21=0),0,INT(($E21-1)/8)-INT(($D21-1)/8)) -> 0 | K21: =IF($G21="","",RIGHT($G21,1)) | L21: =IF(OR($D21=0,$E21=0),0,SUMPRODUCT(($AH$3:$CS$3>MIN($D21,$E21))*($AH$3:$CS$3<MAX($D21,$E21))*(MOD($AH$3:$CS$3-MIN($D21,$E21),MAX(1,ABS(SIGN($J21)*8+SIGN($I21))))=0)*($AH20:$CS20<>""))) -> 0 | M21: =IF($K21<>"K",0,IFERROR(--AND($J21=0,ABS($I21)=2,$D21=IF($F21="w",5,61),IF($F21="w",$S20,$V20)=0,IF($I21=2,AND(IF($F21="w",$U20,$X20)=0,INDEX($AH20:$CS20,1,$D21+1)&""="",INDEX($AH20:$CS20,1,$D21+2)&""=""),AND(IF($F21="w",$T20,$W20)=0,INDEX($AH20:$CS20,1,$D21-1)&""="",INDEX($AH20:$CS20,1,$D21-2)&""="",INDEX($AH20:$CS20,1,$D21-3)&""=""))),0)) -> 0 | N21: =IF($K21<>"P",0,IFERROR(--OR(AND($I21=0,$J21=IF($F21="w",1,-1),$H21=""),AND($I21=0,$J21=2*IF($F21="w",1,-1),$H21="",INT(($D21-1)/8)=IF($F21="w",1,6),INDEX($AH20:$CS20,1,MAX(1,MIN(64,$D21+8*IF($F21="w",1,-1))))&""=""),AND(ABS($I21)=1,$J21=IF($F21="w",1,-1),$H21<>""),AND(ABS($I21)=1,$J21=IF($F21="w",1,-1),$H21="",$R20>0,$E21=$R20)),0)) -> 0 | O21: =IF(OR($D21=0,$E21=0,$G21=""),0,IF($K21="N",--OR(AND(ABS($I21)=1,ABS($J21)=2),AND(ABS($I21)=2,ABS($J21)=1)),IF($K21="B",--AND(ABS($I21)=ABS($J21),$I21<>0,$L21=0),IF($K21="R",--AND(OR($I21=0,$J21=0),OR($I21<>0,$J21<>0),$L21=0),IF($K21="Q",--AND(OR(AND(ABS($I21)=ABS($J21),$I21<>0),AND(OR($I21=0,$J21=0),OR($I21<>0,$J21<>0))),$L21=0),IF($K21="K",--OR(MAX(ABS($I21),ABS($J21))=1,$M21=1),$N21)))))) -> 0 | P21: =IF($Q21="OK",1,0) -> 0 | Q21: =IF($B21="","",IF(OR(COUNTIF($AH20:$CS20,"wK")=0,COUNTIF($AH20:$CS20,"bK")=0),"Game is over",IF(OR($D21=0,$E21=0),"Use the format e2e4",IF($G21="","No piece on that square",IF(LEFT($G21,1)<>$F21,"Not your piece ("&IF($F21="w","White","Black")&" to move)",IF($D21=$E21,"Piece must move",IF(AND($H21<>"",LEFT($H21,1)=$F21),"Cannot capture your own piece",IF($O21=0,"Illegal move for that piece (or path blocked)","OK")))))))) | R21: =IF($P21=1,IF(AND($K21="P",ABS($J21)=2),($D21+$E21)/2,0),$R20) -> 0 | S21: =--OR($S20=1,AND($P21=1,OR($D21=5,$E21=5))) -> FALSE | T21: =--OR($T20=1,AND($P21=1,OR($D21=1,$E21=1))) -> FALSE | U21: =--OR($U20=1,AND($P21=1,OR($D21=8,$E21=8))) -> FALSE | V21: =--OR($V20=1,AND($P21=1,OR($D21=61,$E21=61))) -> FALSE | W21: =--OR($W20=1,AND($P21=1,OR($D21=57,$E21=57))) -> FALSE | X21: =--OR($X20=1,AND($P21=1,OR($D21=64,$E21=64))) -> FALSE | Y21: =--AND($P21=1,$K21="K",ABS($I21)=2) -> FALSE | Z21: =--AND($P21=1,$K21="P",ABS($I21)=1,$H21="") -> FALSE | AA21: =--AND($P21=1,$K21="P",INT(($E21-1)/8)=IF($F21="w",7,0)) -> FALSE | AB21: =IF(LEN($C21)>=5,IF(ISNUMBER(FIND(MID($C21,5,1),"qrbn")),UPPER(MID($C21,5,1)),"Q"),"Q") -> Q | AC21: =IF($Y21=1,IF($I21=2,$D21+3,$D21-4),0) -> 0 | AD21: =IF($Y21=1,IF($I21=2,$D21+1,$D21-1),0) -> 0 | AE21: =IF($Z21=1,$E21-8*IF($F21="w",1,-1),0) -> 0 | AF21: =IF($B21="","",IF($P21=1,LOWER(INDEX($CV$2:$CV$13,MATCH($G21,$CU$2:$CU$13,0)))&" "&MID("abcdefgh",MOD($D21-1,8)+1,1)&(INT(($D21-1)/8)+1)&"→"&MID("abcdefgh",MOD($E21-1,8)+1,1)&(INT(($E21-1)/8)+1)&IF(OR($H21<>"",$Z21=1)," ×","")&IF($Y21=1," castles","")&IF($Z21=1," e.p.","")&IF($AA21=1," =" &LOWER(INDEX($CV$2:$CV$13,MATCH($F21&$AB21,$CU$2:$CU$13,0))),""),"X "&$Q21)) | AH21: =IF($P21=0,AH20,IF(AH$3=$E21,IF($AA21=1,$F21&$AB21,$G21),IF(OR(AH$3=$D21,AH$3=$AC21,AH$3=$AE21),"",IF(AH$3=$AD21,$F21&"R",AH20)))) -> wR | AI21: =IF($P21=0,AI20,IF(AI$3=$E21,IF($AA21=1,$F21&$AB21,$G21),IF(OR(AI$3=$D21,AI$3=$AC21,AI$3=$AE21),"",IF(AI$3=$AD21,$F21&"R",AI20)))) -> wN | AJ21: =IF($P21=0,AJ20,IF(AJ$3=$E21,IF($AA21=1,$F21&$AB21,$G21),IF(OR(AJ$3=$D21,AJ$3=$AC21,AJ$3=$AE21),"",IF(AJ$3=$AD21,$F21&"R",AJ20)))) -> wB | AK21: =IF($P21=0,AK20,IF(AK$3=$E21,IF($AA21=1,$F21&$AB21,$G21),IF(OR(AK$3=$D21,AK$3=$AC21,AK$3=$AE21),"",IF(AK$3=$AD21,$F21&"R",AK20)))) -> wQ | AL21: =IF($P21=0,AL20,IF(AL$3=$E21,IF($AA21=1,$F21&$AB21,$G21),IF(OR(AL$3=$D21,AL$3=$AC21,AL$3=$AE21),"",IF(AL$3=$AD21,$F21&"R",AL20)))) -> wK | AM21: =IF($P21=0,AM20,IF(AM$3=$E21,IF($AA21=1,$F21&$AB21,$G21),IF(OR(AM$3=$D21,AM$3=$AC21,AM$3=$AE21),"",IF(AM$3=$AD21,$F21&"R",AM20)))) -> wB | AN21: =IF($P21=0,AN20,IF(AN$3=$E21,IF($AA21=1,$F21&$AB21,$G21),IF(OR(AN$3=$D21,AN$3=$AC21,AN$3=$AE21),"",IF(AN$3=$AD21,$F21&"R",AN20)))) -> wN | AO21: =IF($P21=0,AO20,IF(AO$3=$E21,IF($AA21=1,$F21&$AB21,$G21),IF(OR(AO$3=$D21,AO$3=$AC21,AO$3=$AE21),"",IF(AO$3=$AD21,$F21&"R",AO20)))) -> wR | ... CS21: =IF($P21=0,CS20,IF(CS$3=$E21,IF($AA21=1,$F21&$AB21,$G21),IF(OR(CS$3=$D21,CS$3=$AC21,CS$3=$AE21),"",IF(CS$3=$AD21,$F21&"R",CS20)))) -> bR
A22: 17 | B22: =IF(Chess!$L$26="","",Chess!$L$26&"") | C22: =LOWER(SUBSTITUTE(SUBSTITUTE(SUBSTITUTE(SUBSTITUTE(TRIM($B22),"-",""),"=","")," ",""),"x","")) | D22: =IF(LEN($C22)<4,0,IFERROR(IF(AND(CODE(MID($C22,1,1))>=97,CODE(MID($C22,1,1))<=104,VALUE(MID($C22,2,1))>=1,VALUE(MID($C22,2,1))<=8),(VALUE(MID($C22,2,1))-1)*8+CODE(MID($C22,1,1))-96,0),0)) -> 0 | E22: =IF(LEN($C22)<4,0,IFERROR(IF(AND(CODE(MID($C22,3,1))>=97,CODE(MID($C22,3,1))<=104,VALUE(MID($C22,4,1))>=1,VALUE(MID($C22,4,1))<=8),(VALUE(MID($C22,4,1))-1)*8+CODE(MID($C22,3,1))-96,0),0)) -> 0 | F22: =IF(MOD(SUM($P$5:$P21),2)=0,"w","b") -> w | G22: =IF($D22=0,"",INDEX($AH21:$CS21,1,$D22)&"") | H22: =IF($E22=0,"",INDEX($AH21:$CS21,1,$E22)&"") | I22: =IF(OR($D22=0,$E22=0),0,MOD($E22-1,8)-MOD($D22-1,8)) -> 0 | J22: =IF(OR($D22=0,$E22=0),0,INT(($E22-1)/8)-INT(($D22-1)/8)) -> 0 | K22: =IF($G22="","",RIGHT($G22,1)) | L22: =IF(OR($D22=0,$E22=0),0,SUMPRODUCT(($AH$3:$CS$3>MIN($D22,$E22))*($AH$3:$CS$3<MAX($D22,$E22))*(MOD($AH$3:$CS$3-MIN($D22,$E22),MAX(1,ABS(SIGN($J22)*8+SIGN($I22))))=0)*($AH21:$CS21<>""))) -> 0 | M22: =IF($K22<>"K",0,IFERROR(--AND($J22=0,ABS($I22)=2,$D22=IF($F22="w",5,61),IF($F22="w",$S21,$V21)=0,IF($I22=2,AND(IF($F22="w",$U21,$X21)=0,INDEX($AH21:$CS21,1,$D22+1)&""="",INDEX($AH21:$CS21,1,$D22+2)&""=""),AND(IF($F22="w",$T21,$W21)=0,INDEX($AH21:$CS21,1,$D22-1)&""="",INDEX($AH21:$CS21,1,$D22-2)&""="",INDEX($AH21:$CS21,1,$D22-3)&""=""))),0)) -> 0 | N22: =IF($K22<>"P",0,IFERROR(--OR(AND($I22=0,$J22=IF($F22="w",1,-1),$H22=""),AND($I22=0,$J22=2*IF($F22="w",1,-1),$H22="",INT(($D22-1)/8)=IF($F22="w",1,6),INDEX($AH21:$CS21,1,MAX(1,MIN(64,$D22+8*IF($F22="w",1,-1))))&""=""),AND(ABS($I22)=1,$J22=IF($F22="w",1,-1),$H22<>""),AND(ABS($I22)=1,$J22=IF($F22="w",1,-1),$H22="",$R21>0,$E22=$R21)),0)) -> 0 | O22: =IF(OR($D22=0,$E22=0,$G22=""),0,IF($K22="N",--OR(AND(ABS($I22)=1,ABS($J22)=2),AND(ABS($I22)=2,ABS($J22)=1)),IF($K22="B",--AND(ABS($I22)=ABS($J22),$I22<>0,$L22=0),IF($K22="R",--AND(OR($I22=0,$J22=0),OR($I22<>0,$J22<>0),$L22=0),IF($K22="Q",--AND(OR(AND(ABS($I22)=ABS($J22),$I22<>0),AND(OR($I22=0,$J22=0),OR($I22<>0,$J22<>0))),$L22=0),IF($K22="K",--OR(MAX(ABS($I22),ABS($J22))=1,$M22=1),$N22)))))) -> 0 | P22: =IF($Q22="OK",1,0) -> 0 | Q22: =IF($B22="","",IF(OR(COUNTIF($AH21:$CS21,"wK")=0,COUNTIF($AH21:$CS21,"bK")=0),"Game is over",IF(OR($D22=0,$E22=0),"Use the format e2e4",IF($G22="","No piece on that square",IF(LEFT($G22,1)<>$F22,"Not your piece ("&IF($F22="w","White","Black")&" to move)",IF($D22=$E22,"Piece must move",IF(AND($H22<>"",LEFT($H22,1)=$F22),"Cannot capture your own piece",IF($O22=0,"Illegal move for that piece (or path blocked)","OK")))))))) | R22: =IF($P22=1,IF(AND($K22="P",ABS($J22)=2),($D22+$E22)/2,0),$R21) -> 0 | S22: =--OR($S21=1,AND($P22=1,OR($D22=5,$E22=5))) -> FALSE | T22: =--OR($T21=1,AND($P22=1,OR($D22=1,$E22=1))) -> FALSE | U22: =--OR($U21=1,AND($P22=1,OR($D22=8,$E22=8))) -> FALSE | V22: =--OR($V21=1,AND($P22=1,OR($D22=61,$E22=61))) -> FALSE | W22: =--OR($W21=1,AND($P22=1,OR($D22=57,$E22=57))) -> FALSE | X22: =--OR($X21=1,AND($P22=1,OR($D22=64,$E22=64))) -> FALSE | Y22: =--AND($P22=1,$K22="K",ABS($I22)=2) -> FALSE | Z22: =--AND($P22=1,$K22="P",ABS($I22)=1,$H22="") -> FALSE | AA22: =--AND($P22=1,$K22="P",INT(($E22-1)/8)=IF($F22="w",7,0)) -> FALSE | AB22: =IF(LEN($C22)>=5,IF(ISNUMBER(FIND(MID($C22,5,1),"qrbn")),UPPER(MID($C22,5,1)),"Q"),"Q") -> Q | AC22: =IF($Y22=1,IF($I22=2,$D22+3,$D22-4),0) -> 0 | AD22: =IF($Y22=1,IF($I22=2,$D22+1,$D22-1),0) -> 0 | AE22: =IF($Z22=1,$E22-8*IF($F22="w",1,-1),0) -> 0 | AF22: =IF($B22="","",IF($P22=1,LOWER(INDEX($CV$2:$CV$13,MATCH($G22,$CU$2:$CU$13,0)))&" "&MID("abcdefgh",MOD($D22-1,8)+1,1)&(INT(($D22-1)/8)+1)&"→"&MID("abcdefgh",MOD($E22-1,8)+1,1)&(INT(($E22-1)/8)+1)&IF(OR($H22<>"",$Z22=1)," ×","")&IF($Y22=1," castles","")&IF($Z22=1," e.p.","")&IF($AA22=1," =" &LOWER(INDEX($CV$2:$CV$13,MATCH($F22&$AB22,$CU$2:$CU$13,0))),""),"X "&$Q22)) | AH22: =IF($P22=0,AH21,IF(AH$3=$E22,IF($AA22=1,$F22&$AB22,$G22),IF(OR(AH$3=$D22,AH$3=$AC22,AH$3=$AE22),"",IF(AH$3=$AD22,$F22&"R",AH21)))) -> wR | AI22: =IF($P22=0,AI21,IF(AI$3=$E22,IF($AA22=1,$F22&$AB22,$G22),IF(OR(AI$3=$D22,AI$3=$AC22,AI$3=$AE22),"",IF(AI$3=$AD22,$F22&"R",AI21)))) -> wN | AJ22: =IF($P22=0,AJ21,IF(AJ$3=$E22,IF($AA22=1,$F22&$AB22,$G22),IF(OR(AJ$3=$D22,AJ$3=$AC22,AJ$3=$AE22),"",IF(AJ$3=$AD22,$F22&"R",AJ21)))) -> wB | AK22: =IF($P22=0,AK21,IF(AK$3=$E22,IF($AA22=1,$F22&$AB22,$G22),IF(OR(AK$3=$D22,AK$3=$AC22,AK$3=$AE22),"",IF(AK$3=$AD22,$F22&"R",AK21)))) -> wQ | AL22: =IF($P22=0,AL21,IF(AL$3=$E22,IF($AA22=1,$F22&$AB22,$G22),IF(OR(AL$3=$D22,AL$3=$AC22,AL$3=$AE22),"",IF(AL$3=$AD22,$F22&"R",AL21)))) -> wK | AM22: =IF($P22=0,AM21,IF(AM$3=$E22,IF($AA22=1,$F22&$AB22,$G22),IF(OR(AM$3=$D22,AM$3=$AC22,AM$3=$AE22),"",IF(AM$3=$AD22,$F22&"R",AM21)))) -> wB | AN22: =IF($P22=0,AN21,IF(AN$3=$E22,IF($AA22=1,$F22&$AB22,$G22),IF(OR(AN$3=$D22,AN$3=$AC22,AN$3=$AE22),"",IF(AN$3=$AD22,$F22&"R",AN21)))) -> wN | AO22: =IF($P22=0,AO21,IF(AO$3=$E22,IF($AA22=1,$F22&$AB22,$G22),IF(OR(AO$3=$D22,AO$3=$AC22,AO$3=$AE22),"",IF(AO$3=$AD22,$F22&"R",AO21)))) -> wR | ... CS22: =IF($P22=0,CS21,IF(CS$3=$E22,IF($AA22=1,$F22&$AB22,$G22),IF(OR(CS$3=$D22,CS$3=$AC22,CS$3=$AE22),"",IF(CS$3=$AD22,$F22&"R",CS21)))) -> bR
A23: 18 | B23: =IF(Chess!$L$27="","",Chess!$L$27&"") | C23: =LOWER(SUBSTITUTE(SUBSTITUTE(SUBSTITUTE(SUBSTITUTE(TRIM($B23),"-",""),"=","")," ",""),"x","")) | D23: =IF(LEN($C23)<4,0,IFERROR(IF(AND(CODE(MID($C23,1,1))>=97,CODE(MID($C23,1,1))<=104,VALUE(MID($C23,2,1))>=1,VALUE(MID($C23,2,1))<=8),(VALUE(MID($C23,2,1))-1)*8+CODE(MID($C23,1,1))-96,0),0)) -> 0 | E23: =IF(LEN($C23)<4,0,IFERROR(IF(AND(CODE(MID($C23,3,1))>=97,CODE(MID($C23,3,1))<=104,VALUE(MID($C23,4,1))>=1,VALUE(MID($C23,4,1))<=8),(VALUE(MID($C23,4,1))-1)*8+CODE(MID($C23,3,1))-96,0),0)) -> 0 | F23: =IF(MOD(SUM($P$5:$P22),2)=0,"w","b") -> w | G23: =IF($D23=0,"",INDEX($AH22:$CS22,1,$D23)&"") | H23: =IF($E23=0,"",INDEX($AH22:$CS22,1,$E23)&"") | I23: =IF(OR($D23=0,$E23=0),0,MOD($E23-1,8)-MOD($D23-1,8)) -> 0 | J23: =IF(OR($D23=0,$E23=0),0,INT(($E23-1)/8)-INT(($D23-1)/8)) -> 0 | K23: =IF($G23="","",RIGHT($G23,1)) | L23: =IF(OR($D23=0,$E23=0),0,SUMPRODUCT(($AH$3:$CS$3>MIN($D23,$E23))*($AH$3:$CS$3<MAX($D23,$E23))*(MOD($AH$3:$CS$3-MIN($D23,$E23),MAX(1,ABS(SIGN($J23)*8+SIGN($I23))))=0)*($AH22:$CS22<>""))) -> 0 | M23: =IF($K23<>"K",0,IFERROR(--AND($J23=0,ABS($I23)=2,$D23=IF($F23="w",5,61),IF($F23="w",$S22,$V22)=0,IF($I23=2,AND(IF($F23="w",$U22,$X22)=0,INDEX($AH22:$CS22,1,$D23+1)&""="",INDEX($AH22:$CS22,1,$D23+2)&""=""),AND(IF($F23="w",$T22,$W22)=0,INDEX($AH22:$CS22,1,$D23-1)&""="",INDEX($AH22:$CS22,1,$D23-2)&""="",INDEX($AH22:$CS22,1,$D23-3)&""=""))),0)) -> 0 | N23: =IF($K23<>"P",0,IFERROR(--OR(AND($I23=0,$J23=IF($F23="w",1,-1),$H23=""),AND($I23=0,$J23=2*IF($F23="w",1,-1),$H23="",INT(($D23-1)/8)=IF($F23="w",1,6),INDEX($AH22:$CS22,1,MAX(1,MIN(64,$D23+8*IF($F23="w",1,-1))))&""=""),AND(ABS($I23)=1,$J23=IF($F23="w",1,-1),$H23<>""),AND(ABS($I23)=1,$J23=IF($F23="w",1,-1),$H23="",$R22>0,$E23=$R22)),0)) -> 0 | O23: =IF(OR($D23=0,$E23=0,$G23=""),0,IF($K23="N",--OR(AND(ABS($I23)=1,ABS($J23)=2),AND(ABS($I23)=2,ABS($J23)=1)),IF($K23="B",--AND(ABS($I23)=ABS($J23),$I23<>0,$L23=0),IF($K23="R",--AND(OR($I23=0,$J23=0),OR($I23<>0,$J23<>0),$L23=0),IF($K23="Q",--AND(OR(AND(ABS($I23)=ABS($J23),$I23<>0),AND(OR($I23=0,$J23=0),OR($I23<>0,$J23<>0))),$L23=0),IF($K23="K",--OR(MAX(ABS($I23),ABS($J23))=1,$M23=1),$N23)))))) -> 0 | P23: =IF($Q23="OK",1,0) -> 0 | Q23: =IF($B23="","",IF(OR(COUNTIF($AH22:$CS22,"wK")=0,COUNTIF($AH22:$CS22,"bK")=0),"Game is over",IF(OR($D23=0,$E23=0),"Use the format e2e4",IF($G23="","No piece on that square",IF(LEFT($G23,1)<>$F23,"Not your piece ("&IF($F23="w","White","Black")&" to move)",IF($D23=$E23,"Piece must move",IF(AND($H23<>"",LEFT($H23,1)=$F23),"Cannot capture your own piece",IF($O23=0,"Illegal move for that piece (or path blocked)","OK")))))))) | R23: =IF($P23=1,IF(AND($K23="P",ABS($J23)=2),($D23+$E23)/2,0),$R22) -> 0 | S23: =--OR($S22=1,AND($P23=1,OR($D23=5,$E23=5))) -> FALSE | T23: =--OR($T22=1,AND($P23=1,OR($D23=1,$E23=1))) -> FALSE | U23: =--OR($U22=1,AND($P23=1,OR($D23=8,$E23=8))) -> FALSE | V23: =--OR($V22=1,AND($P23=1,OR($D23=61,$E23=61))) -> FALSE | W23: =--OR($W22=1,AND($P23=1,OR($D23=57,$E23=57))) -> FALSE | X23: =--OR($X22=1,AND($P23=1,OR($D23=64,$E23=64))) -> FALSE | Y23: =--AND($P23=1,$K23="K",ABS($I23)=2) -> FALSE | Z23: =--AND($P23=1,$K23="P",ABS($I23)=1,$H23="") -> FALSE | AA23: =--AND($P23=1,$K23="P",INT(($E23-1)/8)=IF($F23="w",7,0)) -> FALSE | AB23: =IF(LEN($C23)>=5,IF(ISNUMBER(FIND(MID($C23,5,1),"qrbn")),UPPER(MID($C23,5,1)),"Q"),"Q") -> Q | AC23: =IF($Y23=1,IF($I23=2,$D23+3,$D23-4),0) -> 0 | AD23: =IF($Y23=1,IF($I23=2,$D23+1,$D23-1),0) -> 0 | AE23: =IF($Z23=1,$E23-8*IF($F23="w",1,-1),0) -> 0 | AF23: =IF($B23="","",IF($P23=1,LOWER(INDEX($CV$2:$CV$13,MATCH($G23,$CU$2:$CU$13,0)))&" "&MID("abcdefgh",MOD($D23-1,8)+1,1)&(INT(($D23-1)/8)+1)&"→"&MID("abcdefgh",MOD($E23-1,8)+1,1)&(INT(($E23-1)/8)+1)&IF(OR($H23<>"",$Z23=1)," ×","")&IF($Y23=1," castles","")&IF($Z23=1," e.p.","")&IF($AA23=1," =" &LOWER(INDEX($CV$2:$CV$13,MATCH($F23&$AB23,$CU$2:$CU$13,0))),""),"X "&$Q23)) | AH23: =IF($P23=0,AH22,IF(AH$3=$E23,IF($AA23=1,$F23&$AB23,$G23),IF(OR(AH$3=$D23,AH$3=$AC23,AH$3=$AE23),"",IF(AH$3=$AD23,$F23&"R",AH22)))) -> wR | AI23: =IF($P23=0,AI22,IF(AI$3=$E23,IF($AA23=1,$F23&$AB23,$G23),IF(OR(AI$3=$D23,AI$3=$AC23,AI$3=$AE23),"",IF(AI$3=$AD23,$F23&"R",AI22)))) -> wN | AJ23: =IF($P23=0,AJ22,IF(AJ$3=$E23,IF($AA23=1,$F23&$AB23,$G23),IF(OR(AJ$3=$D23,AJ$3=$AC23,AJ$3=$AE23),"",IF(AJ$3=$AD23,$F23&"R",AJ22)))) -> wB | AK23: =IF($P23=0,AK22,IF(AK$3=$E23,IF($AA23=1,$F23&$AB23,$G23),IF(OR(AK$3=$D23,AK$3=$AC23,AK$3=$AE23),"",IF(AK$3=$AD23,$F23&"R",AK22)))) -> wQ | AL23: =IF($P23=0,AL22,IF(AL$3=$E23,IF($AA23=1,$F23&$AB23,$G23),IF(OR(AL$3=$D23,AL$3=$AC23,AL$3=$AE23),"",IF(AL$3=$AD23,$F23&"R",AL22)))) -> wK | AM23: =IF($P23=0,AM22,IF(AM$3=$E23,IF($AA23=1,$F23&$AB23,$G23),IF(OR(AM$3=$D23,AM$3=$AC23,AM$3=$AE23),"",IF(AM$3=$AD23,$F23&"R",AM22)))) -> wB | AN23: =IF($P23=0,AN22,IF(AN$3=$E23,IF($AA23=1,$F23&$AB23,$G23),IF(OR(AN$3=$D23,AN$3=$AC23,AN$3=$AE23),"",IF(AN$3=$AD23,$F23&"R",AN22)))) -> wN | AO23: =IF($P23=0,AO22,IF(AO$3=$E23,IF($AA23=1,$F23&$AB23,$G23),IF(OR(AO$3=$D23,AO$3=$AC23,AO$3=$AE23),"",IF(AO$3=$AD23,$F23&"R",AO22)))) -> wR | ... CS23: =IF($P23=0,CS22,IF(CS$3=$E23,IF($AA23=1,$F23&$AB23,$G23),IF(OR(CS$3=$D23,CS$3=$AC23,CS$3=$AE23),"",IF(CS$3=$AD23,$F23&"R",CS22)))) -> bR
A24: 19 | B24: =IF(Chess!$L$28="","",Chess!$L$28&"") | C24: =LOWER(SUBSTITUTE(SUBSTITUTE(SUBSTITUTE(SUBSTITUTE(TRIM($B24),"-",""),"=","")," ",""),"x","")) | D24: =IF(LEN($C24)<4,0,IFERROR(IF(AND(CODE(MID($C24,1,1))>=97,CODE(MID($C24,1,1))<=104,VALUE(MID($C24,2,1))>=1,VALUE(MID($C24,2,1))<=8),(VALUE(MID($C24,2,1))-1)*8+CODE(MID($C24,1,1))-96,0),0)) -> 0 | E24: =IF(LEN($C24)<4,0,IFERROR(IF(AND(CODE(MID($C24,3,1))>=97,CODE(MID($C24,3,1))<=104,VALUE(MID($C24,4,1))>=1,VALUE(MID($C24,4,1))<=8),(VALUE(MID($C24,4,1))-1)*8+CODE(MID($C24,3,1))-96,0),0)) -> 0 | F24: =IF(MOD(SUM($P$5:$P23),2)=0,"w","b") -> w | G24: =IF($D24=0,"",INDEX($AH23:$CS23,1,$D24)&"") | H24: =IF($E24=0,"",INDEX($AH23:$CS23,1,$E24)&"") | I24: =IF(OR($D24=0,$E24=0),0,MOD($E24-1,8)-MOD($D24-1,8)) -> 0 | J24: =IF(OR($D24=0,$E24=0),0,INT(($E24-1)/8)-INT(($D24-1)/8)) -> 0 | K24: =IF($G24="","",RIGHT($G24,1)) | L24: =IF(OR($D24=0,$E24=0),0,SUMPRODUCT(($AH$3:$CS$3>MIN($D24,$E24))*($AH$3:$CS$3<MAX($D24,$E24))*(MOD($AH$3:$CS$3-MIN($D24,$E24),MAX(1,ABS(SIGN($J24)*8+SIGN($I24))))=0)*($AH23:$CS23<>""))) -> 0 | M24: =IF($K24<>"K",0,IFERROR(--AND($J24=0,ABS($I24)=2,$D24=IF($F24="w",5,61),IF($F24="w",$S23,$V23)=0,IF($I24=2,AND(IF($F24="w",$U23,$X23)=0,INDEX($AH23:$CS23,1,$D24+1)&""="",INDEX($AH23:$CS23,1,$D24+2)&""=""),AND(IF($F24="w",$T23,$W23)=0,INDEX($AH23:$CS23,1,$D24-1)&""="",INDEX($AH23:$CS23,1,$D24-2)&""="",INDEX($AH23:$CS23,1,$D24-3)&""=""))),0)) -> 0 | N24: =IF($K24<>"P",0,IFERROR(--OR(AND($I24=0,$J24=IF($F24="w",1,-1),$H24=""),AND($I24=0,$J24=2*IF($F24="w",1,-1),$H24="",INT(($D24-1)/8)=IF($F24="w",1,6),INDEX($AH23:$CS23,1,MAX(1,MIN(64,$D24+8*IF($F24="w",1,-1))))&""=""),AND(ABS($I24)=1,$J24=IF($F24="w",1,-1),$H24<>""),AND(ABS($I24)=1,$J24=IF($F24="w",1,-1),$H24="",$R23>0,$E24=$R23)),0)) -> 0 | O24: =IF(OR($D24=0,$E24=0,$G24=""),0,IF($K24="N",--OR(AND(ABS($I24)=1,ABS($J24)=2),AND(ABS($I24)=2,ABS($J24)=1)),IF($K24="B",--AND(ABS($I24)=ABS($J24),$I24<>0,$L24=0),IF($K24="R",--AND(OR($I24=0,$J24=0),OR($I24<>0,$J24<>0),$L24=0),IF($K24="Q",--AND(OR(AND(ABS($I24)=ABS($J24),$I24<>0),AND(OR($I24=0,$J24=0),OR($I24<>0,$J24<>0))),$L24=0),IF($K24="K",--OR(MAX(ABS($I24),ABS($J24))=1,$M24=1),$N24)))))) -> 0 | P24: =IF($Q24="OK",1,0) -> 0 | Q24: =IF($B24="","",IF(OR(COUNTIF($AH23:$CS23,"wK")=0,COUNTIF($AH23:$CS23,"bK")=0),"Game is over",IF(OR($D24=0,$E24=0),"Use the format e2e4",IF($G24="","No piece on that square",IF(LEFT($G24,1)<>$F24,"Not your piece ("&IF($F24="w","White","Black")&" to move)",IF($D24=$E24,"Piece must move",IF(AND($H24<>"",LEFT($H24,1)=$F24),"Cannot capture your own piece",IF($O24=0,"Illegal move for that piece (or path blocked)","OK")))))))) | R24: =IF($P24=1,IF(AND($K24="P",ABS($J24)=2),($D24+$E24)/2,0),$R23) -> 0 | S24: =--OR($S23=1,AND($P24=1,OR($D24=5,$E24=5))) -> FALSE | T24: =--OR($T23=1,AND($P24=1,OR($D24=1,$E24=1))) -> FALSE | U24: =--OR($U23=1,AND($P24=1,OR($D24=8,$E24=8))) -> FALSE | V24: =--OR($V23=1,AND($P24=1,OR($D24=61,$E24=61))) -> FALSE | W24: =--OR($W23=1,AND($P24=1,OR($D24=57,$E24=57))) -> FALSE | X24: =--OR($X23=1,AND($P24=1,OR($D24=64,$E24=64))) -> FALSE | Y24: =--AND($P24=1,$K24="K",ABS($I24)=2) -> FALSE | Z24: =--AND($P24=1,$K24="P",ABS($I24)=1,$H24="") -> FALSE | AA24: =--AND($P24=1,$K24="P",INT(($E24-1)/8)=IF($F24="w",7,0)) -> FALSE | AB24: =IF(LEN($C24)>=5,IF(ISNUMBER(FIND(MID($C24,5,1),"qrbn")),UPPER(MID($C24,5,1)),"Q"),"Q") -> Q | AC24: =IF($Y24=1,IF($I24=2,$D24+3,$D24-4),0) -> 0 | AD24: =IF($Y24=1,IF($I24=2,$D24+1,$D24-1),0) -> 0 | AE24: =IF($Z24=1,$E24-8*IF($F24="w",1,-1),0) -> 0 | AF24: =IF($B24="","",IF($P24=1,LOWER(INDEX($CV$2:$CV$13,MATCH($G24,$CU$2:$CU$13,0)))&" "&MID("abcdefgh",MOD($D24-1,8)+1,1)&(INT(($D24-1)/8)+1)&"→"&MID("abcdefgh",MOD($E24-1,8)+1,1)&(INT(($E24-1)/8)+1)&IF(OR($H24<>"",$Z24=1)," ×","")&IF($Y24=1," castles","")&IF($Z24=1," e.p.","")&IF($AA24=1," =" &LOWER(INDEX($CV$2:$CV$13,MATCH($F24&$AB24,$CU$2:$CU$13,0))),""),"X "&$Q24)) | AH24: =IF($P24=0,AH23,IF(AH$3=$E24,IF($AA24=1,$F24&$AB24,$G24),IF(OR(AH$3=$D24,AH$3=$AC24,AH$3=$AE24),"",IF(AH$3=$AD24,$F24&"R",AH23)))) -> wR | AI24: =IF($P24=0,AI23,IF(AI$3=$E24,IF($AA24=1,$F24&$AB24,$G24),IF(OR(AI$3=$D24,AI$3=$AC24,AI$3=$AE24),"",IF(AI$3=$AD24,$F24&"R",AI23)))) -> wN | AJ24: =IF($P24=0,AJ23,IF(AJ$3=$E24,IF($AA24=1,$F24&$AB24,$G24),IF(OR(AJ$3=$D24,AJ$3=$AC24,AJ$3=$AE24),"",IF(AJ$3=$AD24,$F24&"R",AJ23)))) -> wB | AK24: =IF($P24=0,AK23,IF(AK$3=$E24,IF($AA24=1,$F24&$AB24,$G24),IF(OR(AK$3=$D24,AK$3=$AC24,AK$3=$AE24),"",IF(AK$3=$AD24,$F24&"R",AK23)))) -> wQ | AL24: =IF($P24=0,AL23,IF(AL$3=$E24,IF($AA24=1,$F24&$AB24,$G24),IF(OR(AL$3=$D24,AL$3=$AC24,AL$3=$AE24),"",IF(AL$3=$AD24,$F24&"R",AL23)))) -> wK | AM24: =IF($P24=0,AM23,IF(AM$3=$E24,IF($AA24=1,$F24&$AB24,$G24),IF(OR(AM$3=$D24,AM$3=$AC24,AM$3=$AE24),"",IF(AM$3=$AD24,$F24&"R",AM23)))) -> wB | AN24: =IF($P24=0,AN23,IF(AN$3=$E24,IF($AA24=1,$F24&$AB24,$G24),IF(OR(AN$3=$D24,AN$3=$AC24,AN$3=$AE24),"",IF(AN$3=$AD24,$F24&"R",AN23)))) -> wN | AO24: =IF($P24=0,AO23,IF(AO$3=$E24,IF($AA24=1,$F24&$AB24,$G24),IF(OR(AO$3=$D24,AO$3=$AC24,AO$3=$AE24),"",IF(AO$3=$AD24,$F24&"R",AO23)))) -> wR | ... CS24: =IF($P24=0,CS23,IF(CS$3=$E24,IF($AA24=1,$F24&$AB24,$G24),IF(OR(CS$3=$D24,CS$3=$AC24,CS$3=$AE24),"",IF(CS$3=$AD24,$F24&"R",CS23)))) -> bR
A25: 20 | B25: =IF(Chess!$L$29="","",Chess!$L$29&"") | C25: =LOWER(SUBSTITUTE(SUBSTITUTE(SUBSTITUTE(SUBSTITUTE(TRIM($B25),"-",""),"=","")," ",""),"x","")) | D25: =IF(LEN($C25)<4,0,IFERROR(IF(AND(CODE(MID($C25,1,1))>=97,CODE(MID($C25,1,1))<=104,VALUE(MID($C25,2,1))>=1,VALUE(MID($C25,2,1))<=8),(VALUE(MID($C25,2,1))-1)*8+CODE(MID($C25,1,1))-96,0),0)) -> 0 | E25: =IF(LEN($C25)<4,0,IFERROR(IF(AND(CODE(MID($C25,3,1))>=97,CODE(MID($C25,3,1))<=104,VALUE(MID($C25,4,1))>=1,VALUE(MID($C25,4,1))<=8),(VALUE(MID($C25,4,1))-1)*8+CODE(MID($C25,3,1))-96,0),0)) -> 0 | F25: =IF(MOD(SUM($P$5:$P24),2)=0,"w","b") -> w | G25: =IF($D25=0,"",INDEX($AH24:$CS24,1,$D25)&"") | H25: =IF($E25=0,"",INDEX($AH24:$CS24,1,$E25)&"") | I25: =IF(OR($D25=0,$E25=0),0,MOD($E25-1,8)-MOD($D25-1,8)) -> 0 | J25: =IF(OR($D25=0,$E25=0),0,INT(($E25-1)/8)-INT(($D25-1)/8)) -> 0 | K25: =IF($G25="","",RIGHT($G25,1)) | L25: =IF(OR($D25=0,$E25=0),0,SUMPRODUCT(($AH$3:$CS$3>MIN($D25,$E25))*($AH$3:$CS$3<MAX($D25,$E25))*(MOD($AH$3:$CS$3-MIN($D25,$E25),MAX(1,ABS(SIGN($J25)*8+SIGN($I25))))=0)*($AH24:$CS24<>""))) -> 0 | M25: =IF($K25<>"K",0,IFERROR(--AND($J25=0,ABS($I25)=2,$D25=IF($F25="w",5,61),IF($F25="w",$S24,$V24)=0,IF($I25=2,AND(IF($F25="w",$U24,$X24)=0,INDEX($AH24:$CS24,1,$D25+1)&""="",INDEX($AH24:$CS24,1,$D25+2)&""=""),AND(IF($F25="w",$T24,$W24)=0,INDEX($AH24:$CS24,1,$D25-1)&""="",INDEX($AH24:$CS24,1,$D25-2)&""="",INDEX($AH24:$CS24,1,$D25-3)&""=""))),0)) -> 0 | N25: =IF($K25<>"P",0,IFERROR(--OR(AND($I25=0,$J25=IF($F25="w",1,-1),$H25=""),AND($I25=0,$J25=2*IF($F25="w",1,-1),$H25="",INT(($D25-1)/8)=IF($F25="w",1,6),INDEX($AH24:$CS24,1,MAX(1,MIN(64,$D25+8*IF($F25="w",1,-1))))&""=""),AND(ABS($I25)=1,$J25=IF($F25="w",1,-1),$H25<>""),AND(ABS($I25)=1,$J25=IF($F25="w",1,-1),$H25="",$R24>0,$E25=$R24)),0)) -> 0 | O25: =IF(OR($D25=0,$E25=0,$G25=""),0,IF($K25="N",--OR(AND(ABS($I25)=1,ABS($J25)=2),AND(ABS($I25)=2,ABS($J25)=1)),IF($K25="B",--AND(ABS($I25)=ABS($J25),$I25<>0,$L25=0),IF($K25="R",--AND(OR($I25=0,$J25=0),OR($I25<>0,$J25<>0),$L25=0),IF($K25="Q",--AND(OR(AND(ABS($I25)=ABS($J25),$I25<>0),AND(OR($I25=0,$J25=0),OR($I25<>0,$J25<>0))),$L25=0),IF($K25="K",--OR(MAX(ABS($I25),ABS($J25))=1,$M25=1),$N25)))))) -> 0 | P25: =IF($Q25="OK",1,0) -> 0 | Q25: =IF($B25="","",IF(OR(COUNTIF($AH24:$CS24,"wK")=0,COUNTIF($AH24:$CS24,"bK")=0),"Game is over",IF(OR($D25=0,$E25=0),"Use the format e2e4",IF($G25="","No piece on that square",IF(LEFT($G25,1)<>$F25,"Not your piece ("&IF($F25="w","White","Black")&" to move)",IF($D25=$E25,"Piece must move",IF(AND($H25<>"",LEFT($H25,1)=$F25),"Cannot capture your own piece",IF($O25=0,"Illegal move for that piece (or path blocked)","OK")))))))) | R25: =IF($P25=1,IF(AND($K25="P",ABS($J25)=2),($D25+$E25)/2,0),$R24) -> 0 | S25: =--OR($S24=1,AND($P25=1,OR($D25=5,$E25=5))) -> FALSE | T25: =--OR($T24=1,AND($P25=1,OR($D25=1,$E25=1))) -> FALSE | U25: =--OR($U24=1,AND($P25=1,OR($D25=8,$E25=8))) -> FALSE | V25: =--OR($V24=1,AND($P25=1,OR($D25=61,$E25=61))) -> FALSE | W25: =--OR($W24=1,AND($P25=1,OR($D25=57,$E25=57))) -> FALSE | X25: =--OR($X24=1,AND($P25=1,OR($D25=64,$E25=64))) -> FALSE | Y25: =--AND($P25=1,$K25="K",ABS($I25)=2) -> FALSE | Z25: =--AND($P25=1,$K25="P",ABS($I25)=1,$H25="") -> FALSE | AA25: =--AND($P25=1,$K25="P",INT(($E25-1)/8)=IF($F25="w",7,0)) -> FALSE | AB25: =IF(LEN($C25)>=5,IF(ISNUMBER(FIND(MID($C25,5,1),"qrbn")),UPPER(MID($C25,5,1)),"Q"),"Q") -> Q | AC25: =IF($Y25=1,IF($I25=2,$D25+3,$D25-4),0) -> 0 | AD25: =IF($Y25=1,IF($I25=2,$D25+1,$D25-1),0) -> 0 | AE25: =IF($Z25=1,$E25-8*IF($F25="w",1,-1),0) -> 0 | AF25: =IF($B25="","",IF($P25=1,LOWER(INDEX($CV$2:$CV$13,MATCH($G25,$CU$2:$CU$13,0)))&" "&MID("abcdefgh",MOD($D25-1,8)+1,1)&(INT(($D25-1)/8)+1)&"→"&MID("abcdefgh",MOD($E25-1,8)+1,1)&(INT(($E25-1)/8)+1)&IF(OR($H25<>"",$Z25=1)," ×","")&IF($Y25=1," castles","")&IF($Z25=1," e.p.","")&IF($AA25=1," =" &LOWER(INDEX($CV$2:$CV$13,MATCH($F25&$AB25,$CU$2:$CU$13,0))),""),"X "&$Q25)) | AH25: =IF($P25=0,AH24,IF(AH$3=$E25,IF($AA25=1,$F25&$AB25,$G25),IF(OR(AH$3=$D25,AH$3=$AC25,AH$3=$AE25),"",IF(AH$3=$AD25,$F25&"R",AH24)))) -> wR | AI25: =IF($P25=0,AI24,IF(AI$3=$E25,IF($AA25=1,$F25&$AB25,$G25),IF(OR(AI$3=$D25,AI$3=$AC25,AI$3=$AE25),"",IF(AI$3=$AD25,$F25&"R",AI24)))) -> wN | AJ25: =IF($P25=0,AJ24,IF(AJ$3=$E25,IF($AA25=1,$F25&$AB25,$G25),IF(OR(AJ$3=$D25,AJ$3=$AC25,AJ$3=$AE25),"",IF(AJ$3=$AD25,$F25&"R",AJ24)))) -> wB | AK25: =IF($P25=0,AK24,IF(AK$3=$E25,IF($AA25=1,$F25&$AB25,$G25),IF(OR(AK$3=$D25,AK$3=$AC25,AK$3=$AE25),"",IF(AK$3=$AD25,$F25&"R",AK24)))) -> wQ | AL25: =IF($P25=0,AL24,IF(AL$3=$E25,IF($AA25=1,$F25&$AB25,$G25),IF(OR(AL$3=$D25,AL$3=$AC25,AL$3=$AE25),"",IF(AL$3=$AD25,$F25&"R",AL24)))) -> wK | AM25: =IF($P25=0,AM24,IF(AM$3=$E25,IF($AA25=1,$F25&$AB25,$G25),IF(OR(AM$3=$D25,AM$3=$AC25,AM$3=$AE25),"",IF(AM$3=$AD25,$F25&"R",AM24)))) -> wB | AN25: =IF($P25=0,AN24,IF(AN$3=$E25,IF($AA25=1,$F25&$AB25,$G25),IF(OR(AN$3=$D25,AN$3=$AC25,AN$3=$AE25),"",IF(AN$3=$AD25,$F25&"R",AN24)))) -> wN | AO25: =IF($P25=0,AO24,IF(AO$3=$E25,IF($AA25=1,$F25&$AB25,$G25),IF(OR(AO$3=$D25,AO$3=$AC25,AO$3=$AE25),"",IF(AO$3=$AD25,$F25&"R",AO24)))) -> wR | ... CS25: =IF($P25=0,CS24,IF(CS$3=$E25,IF($AA25=1,$F25&$AB25,$G25),IF(OR(CS$3=$D25,CS$3=$AC25,CS$3=$AE25),"",IF(CS$3=$AD25,$F25&"R",CS24)))) -> bR
A26: 21 | B26: =IF(Chess!$L$30="","",Chess!$L$30&"") | C26: =LOWER(SUBSTITUTE(SUBSTITUTE(SUBSTITUTE(SUBSTITUTE(TRIM($B26),"-",""),"=","")," ",""),"x","")) | D26: =IF(LEN($C26)<4,0,IFERROR(IF(AND(CODE(MID($C26,1,1))>=97,CODE(MID($C26,1,1))<=104,VALUE(MID($C26,2,1))>=1,VALUE(MID($C26,2,1))<=8),(VALUE(MID($C26,2,1))-1)*8+CODE(MID($C26,1,1))-96,0),0)) -> 0 | E26: =IF(LEN($C26)<4,0,IFERROR(IF(AND(CODE(MID($C26,3,1))>=97,CODE(MID($C26,3,1))<=104,VALUE(MID($C26,4,1))>=1,VALUE(MID($C26,4,1))<=8),(VALUE(MID($C26,4,1))-1)*8+CODE(MID($C26,3,1))-96,0),0)) -> 0 | F26: =IF(MOD(SUM($P$5:$P25),2)=0,"w","b") -> w | G26: =IF($D26=0,"",INDEX($AH25:$CS25,1,$D26)&"") | H26: =IF($E26=0,"",INDEX($AH25:$CS25,1,$E26)&"") | I26: =IF(OR($D26=0,$E26=0),0,MOD($E26-1,8)-MOD($D26-1,8)) -> 0 | J26: =IF(OR($D26=0,$E26=0),0,INT(($E26-1)/8)-INT(($D26-1)/8)) -> 0 | K26: =IF($G26="","",RIGHT($G26,1)) | L26: =IF(OR($D26=0,$E26=0),0,SUMPRODUCT(($AH$3:$CS$3>MIN($D26,$E26))*($AH$3:$CS$3<MAX($D26,$E26))*(MOD($AH$3:$CS$3-MIN($D26,$E26),MAX(1,ABS(SIGN($J26)*8+SIGN($I26))))=0)*($AH25:$CS25<>""))) -> 0 | M26: =IF($K26<>"K",0,IFERROR(--AND($J26=0,ABS($I26)=2,$D26=IF($F26="w",5,61),IF($F26="w",$S25,$V25)=0,IF($I26=2,AND(IF($F26="w",$U25,$X25)=0,INDEX($AH25:$CS25,1,$D26+1)&""="",INDEX($AH25:$CS25,1,$D26+2)&""=""),AND(IF($F26="w",$T25,$W25)=0,INDEX($AH25:$CS25,1,$D26-1)&""="",INDEX($AH25:$CS25,1,$D26-2)&""="",INDEX($AH25:$CS25,1,$D26-3)&""=""))),0)) -> 0 | N26: =IF($K26<>"P",0,IFERROR(--OR(AND($I26=0,$J26=IF($F26="w",1,-1),$H26=""),AND($I26=0,$J26=2*IF($F26="w",1,-1),$H26="",INT(($D26-1)/8)=IF($F26="w",1,6),INDEX($AH25:$CS25,1,MAX(1,MIN(64,$D26+8*IF($F26="w",1,-1))))&""=""),AND(ABS($I26)=1,$J26=IF($F26="w",1,-1),$H26<>""),AND(ABS($I26)=1,$J26=IF($F26="w",1,-1),$H26="",$R25>0,$E26=$R25)),0)) -> 0 | O26: =IF(OR($D26=0,$E26=0,$G26=""),0,IF($K26="N",--OR(AND(ABS($I26)=1,ABS($J26)=2),AND(ABS($I26)=2,ABS($J26)=1)),IF($K26="B",--AND(ABS($I26)=ABS($J26),$I26<>0,$L26=0),IF($K26="R",--AND(OR($I26=0,$J26=0),OR($I26<>0,$J26<>0),$L26=0),IF($K26="Q",--AND(OR(AND(ABS($I26)=ABS($J26),$I26<>0),AND(OR($I26=0,$J26=0),OR($I26<>0,$J26<>0))),$L26=0),IF($K26="K",--OR(MAX(ABS($I26),ABS($J26))=1,$M26=1),$N26)))))) -> 0 | P26: =IF($Q26="OK",1,0) -> 0 | Q26: =IF($B26="","",IF(OR(COUNTIF($AH25:$CS25,"wK")=0,COUNTIF($AH25:$CS25,"bK")=0),"Game is over",IF(OR($D26=0,$E26=0),"Use the format e2e4",IF($G26="","No piece on that square",IF(LEFT($G26,1)<>$F26,"Not your piece ("&IF($F26="w","White","Black")&" to move)",IF($D26=$E26,"Piece must move",IF(AND($H26<>"",LEFT($H26,1)=$F26),"Cannot capture your own piece",IF($O26=0,"Illegal move for that piece (or path blocked)","OK")))))))) | R26: =IF($P26=1,IF(AND($K26="P",ABS($J26)=2),($D26+$E26)/2,0),$R25) -> 0 | S26: =--OR($S25=1,AND($P26=1,OR($D26=5,$E26=5))) -> FALSE | T26: =--OR($T25=1,AND($P26=1,OR($D26=1,$E26=1))) -> FALSE | U26: =--OR($U25=1,AND($P26=1,OR($D26=8,$E26=8))) -> FALSE | V26: =--OR($V25=1,AND($P26=1,OR($D26=61,$E26=61))) -> FALSE | W26: =--OR($W25=1,AND($P26=1,OR($D26=57,$E26=57))) -> FALSE | X26: =--OR($X25=1,AND($P26=1,OR($D26=64,$E26=64))) -> FALSE | Y26: =--AND($P26=1,$K26="K",ABS($I26)=2) -> FALSE | Z26: =--AND($P26=1,$K26="P",ABS($I26)=1,$H26="") -> FALSE | AA26: =--AND($P26=1,$K26="P",INT(($E26-1)/8)=IF($F26="w",7,0)) -> FALSE | AB26: =IF(LEN($C26)>=5,IF(ISNUMBER(FIND(MID($C26,5,1),"qrbn")),UPPER(MID($C26,5,1)),"Q"),"Q") -> Q | AC26: =IF($Y26=1,IF($I26=2,$D26+3,$D26-4),0) -> 0 | AD26: =IF($Y26=1,IF($I26=2,$D26+1,$D26-1),0) -> 0 | AE26: =IF($Z26=1,$E26-8*IF($F26="w",1,-1),0) -> 0 | AF26: =IF($B26="","",IF($P26=1,LOWER(INDEX($CV$2:$CV$13,MATCH($G26,$CU$2:$CU$13,0)))&" "&MID("abcdefgh",MOD($D26-1,8)+1,1)&(INT(($D26-1)/8)+1)&"→"&MID("abcdefgh",MOD($E26-1,8)+1,1)&(INT(($E26-1)/8)+1)&IF(OR($H26<>"",$Z26=1)," ×","")&IF($Y26=1," castles","")&IF($Z26=1," e.p.","")&IF($AA26=1," =" &LOWER(INDEX($CV$2:$CV$13,MATCH($F26&$AB26,$CU$2:$CU$13,0))),""),"X "&$Q26)) | AH26: =IF($P26=0,AH25,IF(AH$3=$E26,IF($AA26=1,$F26&$AB26,$G26),IF(OR(AH$3=$D26,AH$3=$AC26,AH$3=$AE26),"",IF(AH$3=$AD26,$F26&"R",AH25)))) -> wR | AI26: =IF($P26=0,AI25,IF(AI$3=$E26,IF($AA26=1,$F26&$AB26,$G26),IF(OR(AI$3=$D26,AI$3=$AC26,AI$3=$AE26),"",IF(AI$3=$AD26,$F26&"R",AI25)))) -> wN | AJ26: =IF($P26=0,AJ25,IF(AJ$3=$E26,IF($AA26=1,$F26&$AB26,$G26),IF(OR(AJ$3=$D26,AJ$3=$AC26,AJ$3=$AE26),"",IF(AJ$3=$AD26,$F26&"R",AJ25)))) -> wB | AK26: =IF($P26=0,AK25,IF(AK$3=$E26,IF($AA26=1,$F26&$AB26,$G26),IF(OR(AK$3=$D26,AK$3=$AC26,AK$3=$AE26),"",IF(AK$3=$AD26,$F26&"R",AK25)))) -> wQ | AL26: =IF($P26=0,AL25,IF(AL$3=$E26,IF($AA26=1,$F26&$AB26,$G26),IF(OR(AL$3=$D26,AL$3=$AC26,AL$3=$AE26),"",IF(AL$3=$AD26,$F26&"R",AL25)))) -> wK | AM26: =IF($P26=0,AM25,IF(AM$3=$E26,IF($AA26=1,$F26&$AB26,$G26),IF(OR(AM$3=$D26,AM$3=$AC26,AM$3=$AE26),"",IF(AM$3=$AD26,$F26&"R",AM25)))) -> wB | AN26: =IF($P26=0,AN25,IF(AN$3=$E26,IF($AA26=1,$F26&$AB26,$G26),IF(OR(AN$3=$D26,AN$3=$AC26,AN$3=$AE26),"",IF(AN$3=$AD26,$F26&"R",AN25)))) -> wN | AO26: =IF($P26=0,AO25,IF(AO$3=$E26,IF($AA26=1,$F26&$AB26,$G26),IF(OR(AO$3=$D26,AO$3=$AC26,AO$3=$AE26),"",IF(AO$3=$AD26,$F26&"R",AO25)))) -> wR | ... CS26: =IF($P26=0,CS25,IF(CS$3=$E26,IF($AA26=1,$F26&$AB26,$G26),IF(OR(CS$3=$D26,CS$3=$AC26,CS$3=$AE26),"",IF(CS$3=$AD26,$F26&"R",CS25)))) -> bR
A27: 22 | B27: =IF(Chess!$L$31="","",Chess!$L$31&"") | C27: =LOWER(SUBSTITUTE(SUBSTITUTE(SUBSTITUTE(SUBSTITUTE(TRIM($B27),"-",""),"=","")," ",""),"x","")) | D27: =IF(LEN($C27)<4,0,IFERROR(IF(AND(CODE(MID($C27,1,1))>=97,CODE(MID($C27,1,1))<=104,VALUE(MID($C27,2,1))>=1,VALUE(MID($C27,2,1))<=8),(VALUE(MID($C27,2,1))-1)*8+CODE(MID($C27,1,1))-96,0),0)) -> 0 | E27: =IF(LEN($C27)<4,0,IFERROR(IF(AND(CODE(MID($C27,3,1))>=97,CODE(MID($C27,3,1))<=104,VALUE(MID($C27,4,1))>=1,VALUE(MID($C27,4,1))<=8),(VALUE(MID($C27,4,1))-1)*8+CODE(MID($C27,3,1))-96,0),0)) -> 0 | F27: =IF(MOD(SUM($P$5:$P26),2)=0,"w","b") -> w | G27: =IF($D27=0,"",INDEX($AH26:$CS26,1,$D27)&"") | H27: =IF($E27=0,"",INDEX($AH26:$CS26,1,$E27)&"") | I27: =IF(OR($D27=0,$E27=0),0,MOD($E27-1,8)-MOD($D27-1,8)) -> 0 | J27: =IF(OR($D27=0,$E27=0),0,INT(($E27-1)/8)-INT(($D27-1)/8)) -> 0 | K27: =IF($G27="","",RIGHT($G27,1)) | L27: =IF(OR($D27=0,$E27=0),0,SUMPRODUCT(($AH$3:$CS$3>MIN($D27,$E27))*($AH$3:$CS$3<MAX($D27,$E27))*(MOD($AH$3:$CS$3-MIN($D27,$E27),MAX(1,ABS(SIGN($J27)*8+SIGN($I27))))=0)*($AH26:$CS26<>""))) -> 0 | M27: =IF($K27<>"K",0,IFERROR(--AND($J27=0,ABS($I27)=2,$D27=IF($F27="w",5,61),IF($F27="w",$S26,$V26)=0,IF($I27=2,AND(IF($F27="w",$U26,$X26)=0,INDEX($AH26:$CS26,1,$D27+1)&""="",INDEX($AH26:$CS26,1,$D27+2)&""=""),AND(IF($F27="w",$T26,$W26)=0,INDEX($AH26:$CS26,1,$D27-1)&""="",INDEX($AH26:$CS26,1,$D27-2)&""="",INDEX($AH26:$CS26,1,$D27-3)&""=""))),0)) -> 0 | N27: =IF($K27<>"P",0,IFERROR(--OR(AND($I27=0,$J27=IF($F27="w",1,-1),$H27=""),AND($I27=0,$J27=2*IF($F27="w",1,-1),$H27="",INT(($D27-1)/8)=IF($F27="w",1,6),INDEX($AH26:$CS26,1,MAX(1,MIN(64,$D27+8*IF($F27="w",1,-1))))&""=""),AND(ABS($I27)=1,$J27=IF($F27="w",1,-1),$H27<>""),AND(ABS($I27)=1,$J27=IF($F27="w",1,-1),$H27="",$R26>0,$E27=$R26)),0)) -> 0 | O27: =IF(OR($D27=0,$E27=0,$G27=""),0,IF($K27="N",--OR(AND(ABS($I27)=1,ABS($J27)=2),AND(ABS($I27)=2,ABS($J27)=1)),IF($K27="B",--AND(ABS($I27)=ABS($J27),$I27<>0,$L27=0),IF($K27="R",--AND(OR($I27=0,$J27=0),OR($I27<>0,$J27<>0),$L27=0),IF($K27="Q",--AND(OR(AND(ABS($I27)=ABS($J27),$I27<>0),AND(OR($I27=0,$J27=0),OR($I27<>0,$J27<>0))),$L27=0),IF($K27="K",--OR(MAX(ABS($I27),ABS($J27))=1,$M27=1),$N27)))))) -> 0 | P27: =IF($Q27="OK",1,0) -> 0 | Q27: =IF($B27="","",IF(OR(COUNTIF($AH26:$CS26,"wK")=0,COUNTIF($AH26:$CS26,"bK")=0),"Game is over",IF(OR($D27=0,$E27=0),"Use the format e2e4",IF($G27="","No piece on that square",IF(LEFT($G27,1)<>$F27,"Not your piece ("&IF($F27="w","White","Black")&" to move)",IF($D27=$E27,"Piece must move",IF(AND($H27<>"",LEFT($H27,1)=$F27),"Cannot capture your own piece",IF($O27=0,"Illegal move for that piece (or path blocked)","OK")))))))) | R27: =IF($P27=1,IF(AND($K27="P",ABS($J27)=2),($D27+$E27)/2,0),$R26) -> 0 | S27: =--OR($S26=1,AND($P27=1,OR($D27=5,$E27=5))) -> FALSE | T27: =--OR($T26=1,AND($P27=1,OR($D27=1,$E27=1))) -> FALSE | U27: =--OR($U26=1,AND($P27=1,OR($D27=8,$E27=8))) -> FALSE | V27: =--OR($V26=1,AND($P27=1,OR($D27=61,$E27=61))) -> FALSE | W27: =--OR($W26=1,AND($P27=1,OR($D27=57,$E27=57))) -> FALSE | X27: =--OR($X26=1,AND($P27=1,OR($D27=64,$E27=64))) -> FALSE | Y27: =--AND($P27=1,$K27="K",ABS($I27)=2) -> FALSE | Z27: =--AND($P27=1,$K27="P",ABS($I27)=1,$H27="") -> FALSE | AA27: =--AND($P27=1,$K27="P",INT(($E27-1)/8)=IF($F27="w",7,0)) -> FALSE | AB27: =IF(LEN($C27)>=5,IF(ISNUMBER(FIND(MID($C27,5,1),"qrbn")),UPPER(MID($C27,5,1)),"Q"),"Q") -> Q | AC27: =IF($Y27=1,IF($I27=2,$D27+3,$D27-4),0) -> 0 | AD27: =IF($Y27=1,IF($I27=2,$D27+1,$D27-1),0) -> 0 | AE27: =IF($Z27=1,$E27-8*IF($F27="w",1,-1),0) -> 0 | AF27: =IF($B27="","",IF($P27=1,LOWER(INDEX($CV$2:$CV$13,MATCH($G27,$CU$2:$CU$13,0)))&" "&MID("abcdefgh",MOD($D27-1,8)+1,1)&(INT(($D27-1)/8)+1)&"→"&MID("abcdefgh",MOD($E27-1,8)+1,1)&(INT(($E27-1)/8)+1)&IF(OR($H27<>"",$Z27=1)," ×","")&IF($Y27=1," castles","")&IF($Z27=1," e.p.","")&IF($AA27=1," =" &LOWER(INDEX($CV$2:$CV$13,MATCH($F27&$AB27,$CU$2:$CU$13,0))),""),"X "&$Q27)) | AH27: =IF($P27=0,AH26,IF(AH$3=$E27,IF($AA27=1,$F27&$AB27,$G27),IF(OR(AH$3=$D27,AH$3=$AC27,AH$3=$AE27),"",IF(AH$3=$AD27,$F27&"R",AH26)))) -> wR | AI27: =IF($P27=0,AI26,IF(AI$3=$E27,IF($AA27=1,$F27&$AB27,$G27),IF(OR(AI$3=$D27,AI$3=$AC27,AI$3=$AE27),"",IF(AI$3=$AD27,$F27&"R",AI26)))) -> wN | AJ27: =IF($P27=0,AJ26,IF(AJ$3=$E27,IF($AA27=1,$F27&$AB27,$G27),IF(OR(AJ$3=$D27,AJ$3=$AC27,AJ$3=$AE27),"",IF(AJ$3=$AD27,$F27&"R",AJ26)))) -> wB | AK27: =IF($P27=0,AK26,IF(AK$3=$E27,IF($AA27=1,$F27&$AB27,$G27),IF(OR(AK$3=$D27,AK$3=$AC27,AK$3=$AE27),"",IF(AK$3=$AD27,$F27&"R",AK26)))) -> wQ | AL27: =IF($P27=0,AL26,IF(AL$3=$E27,IF($AA27=1,$F27&$AB27,$G27),IF(OR(AL$3=$D27,AL$3=$AC27,AL$3=$AE27),"",IF(AL$3=$AD27,$F27&"R",AL26)))) -> wK | AM27: =IF($P27=0,AM26,IF(AM$3=$E27,IF($AA27=1,$F27&$AB27,$G27),IF(OR(AM$3=$D27,AM$3=$AC27,AM$3=$AE27),"",IF(AM$3=$AD27,$F27&"R",AM26)))) -> wB | AN27: =IF($P27=0,AN26,IF(AN$3=$E27,IF($AA27=1,$F27&$AB27,$G27),IF(OR(AN$3=$D27,AN$3=$AC27,AN$3=$AE27),"",IF(AN$3=$AD27,$F27&"R",AN26)))) -> wN | AO27: =IF($P27=0,AO26,IF(AO$3=$E27,IF($AA27=1,$F27&$AB27,$G27),IF(OR(AO$3=$D27,AO$3=$AC27,AO$3=$AE27),"",IF(AO$3=$AD27,$F27&"R",AO26)))) -> wR | ... CS27: =IF($P27=0,CS26,IF(CS$3=$E27,IF($AA27=1,$F27&$AB27,$G27),IF(OR(CS$3=$D27,CS$3=$AC27,CS$3=$AE27),"",IF(CS$3=$AD27,$F27&"R",CS26)))) -> bR
A28: 23 | B28: =IF(Chess!$L$32="","",Chess!$L$32&"") | C28: =LOWER(SUBSTITUTE(SUBSTITUTE(SUBSTITUTE(SUBSTITUTE(TRIM($B28),"-",""),"=","")," ",""),"x","")) | D28: =IF(LEN($C28)<4,0,IFERROR(IF(AND(CODE(MID($C28,1,1))>=97,CODE(MID($C28,1,1))<=104,VALUE(MID($C28,2,1))>=1,VALUE(MID($C28,2,1))<=8),(VALUE(MID($C28,2,1))-1)*8+CODE(MID($C28,1,1))-96,0),0)) -> 0 | E28: =IF(LEN($C28)<4,0,IFERROR(IF(AND(CODE(MID($C28,3,1))>=97,CODE(MID($C28,3,1))<=104,VALUE(MID($C28,4,1))>=1,VALUE(MID($C28,4,1))<=8),(VALUE(MID($C28,4,1))-1)*8+CODE(MID($C28,3,1))-96,0),0)) -> 0 | F28: =IF(MOD(SUM($P$5:$P27),2)=0,"w","b") -> w | G28: =IF($D28=0,"",INDEX($AH27:$CS27,1,$D28)&"") | H28: =IF($E28=0,"",INDEX($AH27:$CS27,1,$E28)&"") | I28: =IF(OR($D28=0,$E28=0),0,MOD($E28-1,8)-MOD($D28-1,8)) -> 0 | J28: =IF(OR($D28=0,$E28=0),0,INT(($E28-1)/8)-INT(($D28-1)/8)) -> 0 | K28: =IF($G28="","",RIGHT($G28,1)) | L28: =IF(OR($D28=0,$E28=0),0,SUMPRODUCT(($AH$3:$CS$3>MIN($D28,$E28))*($AH$3:$CS$3<MAX($D28,$E28))*(MOD($AH$3:$CS$3-MIN($D28,$E28),MAX(1,ABS(SIGN($J28)*8+SIGN($I28))))=0)*($AH27:$CS27<>""))) -> 0 | M28: =IF($K28<>"K",0,IFERROR(--AND($J28=0,ABS($I28)=2,$D28=IF($F28="w",5,61),IF($F28="w",$S27,$V27)=0,IF($I28=2,AND(IF($F28="w",$U27,$X27)=0,INDEX($AH27:$CS27,1,$D28+1)&""="",INDEX($AH27:$CS27,1,$D28+2)&""=""),AND(IF($F28="w",$T27,$W27)=0,INDEX($AH27:$CS27,1,$D28-1)&""="",INDEX($AH27:$CS27,1,$D28-2)&""="",INDEX($AH27:$CS27,1,$D28-3)&""=""))),0)) -> 0 | N28: =IF($K28<>"P",0,IFERROR(--OR(AND($I28=0,$J28=IF($F28="w",1,-1),$H28=""),AND($I28=0,$J28=2*IF($F28="w",1,-1),$H28="",INT(($D28-1)/8)=IF($F28="w",1,6),INDEX($AH27:$CS27,1,MAX(1,MIN(64,$D28+8*IF($F28="w",1,-1))))&""=""),AND(ABS($I28)=1,$J28=IF($F28="w",1,-1),$H28<>""),AND(ABS($I28)=1,$J28=IF($F28="w",1,-1),$H28="",$R27>0,$E28=$R27)),0)) -> 0 | O28: =IF(OR($D28=0,$E28=0,$G28=""),0,IF($K28="N",--OR(AND(ABS($I28)=1,ABS($J28)=2),AND(ABS($I28)=2,ABS($J28)=1)),IF($K28="B",--AND(ABS($I28)=ABS($J28),$I28<>0,$L28=0),IF($K28="R",--AND(OR($I28=0,$J28=0),OR($I28<>0,$J28<>0),$L28=0),IF($K28="Q",--AND(OR(AND(ABS($I28)=ABS($J28),$I28<>0),AND(OR($I28=0,$J28=0),OR($I28<>0,$J28<>0))),$L28=0),IF($K28="K",--OR(MAX(ABS($I28),ABS($J28))=1,$M28=1),$N28)))))) -> 0 | P28: =IF($Q28="OK",1,0) -> 0 | Q28: =IF($B28="","",IF(OR(COUNTIF($AH27:$CS27,"wK")=0,COUNTIF($AH27:$CS27,"bK")=0),"Game is over",IF(OR($D28=0,$E28=0),"Use the format e2e4",IF($G28="","No piece on that square",IF(LEFT($G28,1)<>$F28,"Not your piece ("&IF($F28="w","White","Black")&" to move)",IF($D28=$E28,"Piece must move",IF(AND($H28<>"",LEFT($H28,1)=$F28),"Cannot capture your own piece",IF($O28=0,"Illegal move for that piece (or path blocked)","OK")))))))) | R28: =IF($P28=1,IF(AND($K28="P",ABS($J28)=2),($D28+$E28)/2,0),$R27) -> 0 | S28: =--OR($S27=1,AND($P28=1,OR($D28=5,$E28=5))) -> FALSE | T28: =--OR($T27=1,AND($P28=1,OR($D28=1,$E28=1))) -> FALSE | U28: =--OR($U27=1,AND($P28=1,OR($D28=8,$E28=8))) -> FALSE | V28: =--OR($V27=1,AND($P28=1,OR($D28=61,$E28=61))) -> FALSE | W28: =--OR($W27=1,AND($P28=1,OR($D28=57,$E28=57))) -> FALSE | X28: =--OR($X27=1,AND($P28=1,OR($D28=64,$E28=64))) -> FALSE | Y28: =--AND($P28=1,$K28="K",ABS($I28)=2) -> FALSE | Z28: =--AND($P28=1,$K28="P",ABS($I28)=1,$H28="") -> FALSE | AA28: =--AND($P28=1,$K28="P",INT(($E28-1)/8)=IF($F28="w",7,0)) -> FALSE | AB28: =IF(LEN($C28)>=5,IF(ISNUMBER(FIND(MID($C28,5,1),"qrbn")),UPPER(MID($C28,5,1)),"Q"),"Q") -> Q | AC28: =IF($Y28=1,IF($I28=2,$D28+3,$D28-4),0) -> 0 | AD28: =IF($Y28=1,IF($I28=2,$D28+1,$D28-1),0) -> 0 | AE28: =IF($Z28=1,$E28-8*IF($F28="w",1,-1),0) -> 0 | AF28: =IF($B28="","",IF($P28=1,LOWER(INDEX($CV$2:$CV$13,MATCH($G28,$CU$2:$CU$13,0)))&" "&MID("abcdefgh",MOD($D28-1,8)+1,1)&(INT(($D28-1)/8)+1)&"→"&MID("abcdefgh",MOD($E28-1,8)+1,1)&(INT(($E28-1)/8)+1)&IF(OR($H28<>"",$Z28=1)," ×","")&IF($Y28=1," castles","")&IF($Z28=1," e.p.","")&IF($AA28=1," =" &LOWER(INDEX($CV$2:$CV$13,MATCH($F28&$AB28,$CU$2:$CU$13,0))),""),"X "&$Q28)) | AH28: =IF($P28=0,AH27,IF(AH$3=$E28,IF($AA28=1,$F28&$AB28,$G28),IF(OR(AH$3=$D28,AH$3=$AC28,AH$3=$AE28),"",IF(AH$3=$AD28,$F28&"R",AH27)))) -> wR | AI28: =IF($P28=0,AI27,IF(AI$3=$E28,IF($AA28=1,$F28&$AB28,$G28),IF(OR(AI$3=$D28,AI$3=$AC28,AI$3=$AE28),"",IF(AI$3=$AD28,$F28&"R",AI27)))) -> wN | AJ28: =IF($P28=0,AJ27,IF(AJ$3=$E28,IF($AA28=1,$F28&$AB28,$G28),IF(OR(AJ$3=$D28,AJ$3=$AC28,AJ$3=$AE28),"",IF(AJ$3=$AD28,$F28&"R",AJ27)))) -> wB | AK28: =IF($P28=0,AK27,IF(AK$3=$E28,IF($AA28=1,$F28&$AB28,$G28),IF(OR(AK$3=$D28,AK$3=$AC28,AK$3=$AE28),"",IF(AK$3=$AD28,$F28&"R",AK27)))) -> wQ | AL28: =IF($P28=0,AL27,IF(AL$3=$E28,IF($AA28=1,$F28&$AB28,$G28),IF(OR(AL$3=$D28,AL$3=$AC28,AL$3=$AE28),"",IF(AL$3=$AD28,$F28&"R",AL27)))) -> wK | AM28: =IF($P28=0,AM27,IF(AM$3=$E28,IF($AA28=1,$F28&$AB28,$G28),IF(OR(AM$3=$D28,AM$3=$AC28,AM$3=$AE28),"",IF(AM$3=$AD28,$F28&"R",AM27)))) -> wB | AN28: =IF($P28=0,AN27,IF(AN$3=$E28,IF($AA28=1,$F28&$AB28,$G28),IF(OR(AN$3=$D28,AN$3=$AC28,AN$3=$AE28),"",IF(AN$3=$AD28,$F28&"R",AN27)))) -> wN | AO28: =IF($P28=0,AO27,IF(AO$3=$E28,IF($AA28=1,$F28&$AB28,$G28),IF(OR(AO$3=$D28,AO$3=$AC28,AO$3=$AE28),"",IF(AO$3=$AD28,$F28&"R",AO27)))) -> wR | ... CS28: =IF($P28=0,CS27,IF(CS$3=$E28,IF($AA28=1,$F28&$AB28,$G28),IF(OR(CS$3=$D28,CS$3=$AC28,CS$3=$AE28),"",IF(CS$3=$AD28,$F28&"R",CS27)))) -> bR
A29: 24 | B29: =IF(Chess!$L$33="","",Chess!$L$33&"") | C29: =LOWER(SUBSTITUTE(SUBSTITUTE(SUBSTITUTE(SUBSTITUTE(TRIM($B29),"-",""),"=","")," ",""),"x","")) | D29: =IF(LEN($C29)<4,0,IFERROR(IF(AND(CODE(MID($C29,1,1))>=97,CODE(MID($C29,1,1))<=104,VALUE(MID($C29,2,1))>=1,VALUE(MID($C29,2,1))<=8),(VALUE(MID($C29,2,1))-1)*8+CODE(MID($C29,1,1))-96,0),0)) -> 0 | E29: =IF(LEN($C29)<4,0,IFERROR(IF(AND(CODE(MID($C29,3,1))>=97,CODE(MID($C29,3,1))<=104,VALUE(MID($C29,4,1))>=1,VALUE(MID($C29,4,1))<=8),(VALUE(MID($C29,4,1))-1)*8+CODE(MID($C29,3,1))-96,0),0)) -> 0 | F29: =IF(MOD(SUM($P$5:$P28),2)=0,"w","b") -> w | G29: =IF($D29=0,"",INDEX($AH28:$CS28,1,$D29)&"") | H29: =IF($E29=0,"",INDEX($AH28:$CS28,1,$E29)&"") | I29: =IF(OR($D29=0,$E29=0),0,MOD($E29-1,8)-MOD($D29-1,8)) -> 0 | J29: =IF(OR($D29=0,$E29=0),0,INT(($E29-1)/8)-INT(($D29-1)/8)) -> 0 | K29: =IF($G29="","",RIGHT($G29,1)) | L29: =IF(OR($D29=0,$E29=0),0,SUMPRODUCT(($AH$3:$CS$3>MIN($D29,$E29))*($AH$3:$CS$3<MAX($D29,$E29))*(MOD($AH$3:$CS$3-MIN($D29,$E29),MAX(1,ABS(SIGN($J29)*8+SIGN($I29))))=0)*($AH28:$CS28<>""))) -> 0 | M29: =IF($K29<>"K",0,IFERROR(--AND($J29=0,ABS($I29)=2,$D29=IF($F29="w",5,61),IF($F29="w",$S28,$V28)=0,IF($I29=2,AND(IF($F29="w",$U28,$X28)=0,INDEX($AH28:$CS28,1,$D29+1)&""="",INDEX($AH28:$CS28,1,$D29+2)&""=""),AND(IF($F29="w",$T28,$W28)=0,INDEX($AH28:$CS28,1,$D29-1)&""="",INDEX($AH28:$CS28,1,$D29-2)&""="",INDEX($AH28:$CS28,1,$D29-3)&""=""))),0)) -> 0 | N29: =IF($K29<>"P",0,IFERROR(--OR(AND($I29=0,$J29=IF($F29="w",1,-1),$H29=""),AND($I29=0,$J29=2*IF($F29="w",1,-1),$H29="",INT(($D29-1)/8)=IF($F29="w",1,6),INDEX($AH28:$CS28,1,MAX(1,MIN(64,$D29+8*IF($F29="w",1,-1))))&""=""),AND(ABS($I29)=1,$J29=IF($F29="w",1,-1),$H29<>""),AND(ABS($I29)=1,$J29=IF($F29="w",1,-1),$H29="",$R28>0,$E29=$R28)),0)) -> 0 | O29: =IF(OR($D29=0,$E29=0,$G29=""),0,IF($K29="N",--OR(AND(ABS($I29)=1,ABS($J29)=2),AND(ABS($I29)=2,ABS($J29)=1)),IF($K29="B",--AND(ABS($I29)=ABS($J29),$I29<>0,$L29=0),IF($K29="R",--AND(OR($I29=0,$J29=0),OR($I29<>0,$J29<>0),$L29=0),IF($K29="Q",--AND(OR(AND(ABS($I29)=ABS($J29),$I29<>0),AND(OR($I29=0,$J29=0),OR($I29<>0,$J29<>0))),$L29=0),IF($K29="K",--OR(MAX(ABS($I29),ABS($J29))=1,$M29=1),$N29)))))) -> 0 | P29: =IF($Q29="OK",1,0) -> 0 | Q29: =IF($B29="","",IF(OR(COUNTIF($AH28:$CS28,"wK")=0,COUNTIF($AH28:$CS28,"bK")=0),"Game is over",IF(OR($D29=0,$E29=0),"Use the format e2e4",IF($G29="","No piece on that square",IF(LEFT($G29,1)<>$F29,"Not your piece ("&IF($F29="w","White","Black")&" to move)",IF($D29=$E29,"Piece must move",IF(AND($H29<>"",LEFT($H29,1)=$F29),"Cannot capture your own piece",IF($O29=0,"Illegal move for that piece (or path blocked)","OK")))))))) | R29: =IF($P29=1,IF(AND($K29="P",ABS($J29)=2),($D29+$E29)/2,0),$R28) -> 0 | S29: =--OR($S28=1,AND($P29=1,OR($D29=5,$E29=5))) -> FALSE | T29: =--OR($T28=1,AND($P29=1,OR($D29=1,$E29=1))) -> FALSE | U29: =--OR($U28=1,AND($P29=1,OR($D29=8,$E29=8))) -> FALSE | V29: =--OR($V28=1,AND($P29=1,OR($D29=61,$E29=61))) -> FALSE | W29: =--OR($W28=1,AND($P29=1,OR($D29=57,$E29=57))) -> FALSE | X29: =--OR($X28=1,AND($P29=1,OR($D29=64,$E29=64))) -> FALSE | Y29: =--AND($P29=1,$K29="K",ABS($I29)=2) -> FALSE | Z29: =--AND($P29=1,$K29="P",ABS($I29)=1,$H29="") -> FALSE | AA29: =--AND($P29=1,$K29="P",INT(($E29-1)/8)=IF($F29="w",7,0)) -> FALSE | AB29: =IF(LEN($C29)>=5,IF(ISNUMBER(FIND(MID($C29,5,1),"qrbn")),UPPER(MID($C29,5,1)),"Q"),"Q") -> Q | AC29: =IF($Y29=1,IF($I29=2,$D29+3,$D29-4),0) -> 0 | AD29: =IF($Y29=1,IF($I29=2,$D29+1,$D29-1),0) -> 0 | AE29: =IF($Z29=1,$E29-8*IF($F29="w",1,-1),0) -> 0 | AF29: =IF($B29="","",IF($P29=1,LOWER(INDEX($CV$2:$CV$13,MATCH($G29,$CU$2:$CU$13,0)))&" "&MID("abcdefgh",MOD($D29-1,8)+1,1)&(INT(($D29-1)/8)+1)&"→"&MID("abcdefgh",MOD($E29-1,8)+1,1)&(INT(($E29-1)/8)+1)&IF(OR($H29<>"",$Z29=1)," ×","")&IF($Y29=1," castles","")&IF($Z29=1," e.p.","")&IF($AA29=1," =" &LOWER(INDEX($CV$2:$CV$13,MATCH($F29&$AB29,$CU$2:$CU$13,0))),""),"X "&$Q29)) | AH29: =IF($P29=0,AH28,IF(AH$3=$E29,IF($AA29=1,$F29&$AB29,$G29),IF(OR(AH$3=$D29,AH$3=$AC29,AH$3=$AE29),"",IF(AH$3=$AD29,$F29&"R",AH28)))) -> wR | AI29: =IF($P29=0,AI28,IF(AI$3=$E29,IF($AA29=1,$F29&$AB29,$G29),IF(OR(AI$3=$D29,AI$3=$AC29,AI$3=$AE29),"",IF(AI$3=$AD29,$F29&"R",AI28)))) -> wN | AJ29: =IF($P29=0,AJ28,IF(AJ$3=$E29,IF($AA29=1,$F29&$AB29,$G29),IF(OR(AJ$3=$D29,AJ$3=$AC29,AJ$3=$AE29),"",IF(AJ$3=$AD29,$F29&"R",AJ28)))) -> wB | AK29: =IF($P29=0,AK28,IF(AK$3=$E29,IF($AA29=1,$F29&$AB29,$G29),IF(OR(AK$3=$D29,AK$3=$AC29,AK$3=$AE29),"",IF(AK$3=$AD29,$F29&"R",AK28)))) -> wQ | AL29: =IF($P29=0,AL28,IF(AL$3=$E29,IF($AA29=1,$F29&$AB29,$G29),IF(OR(AL$3=$D29,AL$3=$AC29,AL$3=$AE29),"",IF(AL$3=$AD29,$F29&"R",AL28)))) -> wK | AM29: =IF($P29=0,AM28,IF(AM$3=$E29,IF($AA29=1,$F29&$AB29,$G29),IF(OR(AM$3=$D29,AM$3=$AC29,AM$3=$AE29),"",IF(AM$3=$AD29,$F29&"R",AM28)))) -> wB | AN29: =IF($P29=0,AN28,IF(AN$3=$E29,IF($AA29=1,$F29&$AB29,$G29),IF(OR(AN$3=$D29,AN$3=$AC29,AN$3=$AE29),"",IF(AN$3=$AD29,$F29&"R",AN28)))) -> wN | AO29: =IF($P29=0,AO28,IF(AO$3=$E29,IF($AA29=1,$F29&$AB29,$G29),IF(OR(AO$3=$D29,AO$3=$AC29,AO$3=$AE29),"",IF(AO$3=$AD29,$F29&"R",AO28)))) -> wR | ... CS29: =IF($P29=0,CS28,IF(CS$3=$E29,IF($AA29=1,$F29&$AB29,$G29),IF(OR(CS$3=$D29,CS$3=$AC29,CS$3=$AE29),"",IF(CS$3=$AD29,$F29&"R",CS28)))) -> bR
A30: 25 | B30: =IF(Chess!$L$34="","",Chess!$L$34&"") | C30: =LOWER(SUBSTITUTE(SUBSTITUTE(SUBSTITUTE(SUBSTITUTE(TRIM($B30),"-",""),"=","")," ",""),"x","")) | D30: =IF(LEN($C30)<4,0,IFERROR(IF(AND(CODE(MID($C30,1,1))>=97,CODE(MID($C30,1,1))<=104,VALUE(MID($C30,2,1))>=1,VALUE(MID($C30,2,1))<=8),(VALUE(MID($C30,2,1))-1)*8+CODE(MID($C30,1,1))-96,0),0)) -> 0 | E30: =IF(LEN($C30)<4,0,IFERROR(IF(AND(CODE(MID($C30,3,1))>=97,CODE(MID($C30,3,1))<=104,VALUE(MID($C30,4,1))>=1,VALUE(MID($C30,4,1))<=8),(VALUE(MID($C30,4,1))-1)*8+CODE(MID($C30,3,1))-96,0),0)) -> 0 | F30: =IF(MOD(SUM($P$5:$P29),2)=0,"w","b") -> w | G30: =IF($D30=0,"",INDEX($AH29:$CS29,1,$D30)&"") | H30: =IF($E30=0,"",INDEX($AH29:$CS29,1,$E30)&"") | I30: =IF(OR($D30=0,$E30=0),0,MOD($E30-1,8)-MOD($D30-1,8)) -> 0 | J30: =IF(OR($D30=0,$E30=0),0,INT(($E30-1)/8)-INT(($D30-1)/8)) -> 0 | K30: =IF($G30="","",RIGHT($G30,1)) | L30: =IF(OR($D30=0,$E30=0),0,SUMPRODUCT(($AH$3:$CS$3>MIN($D30,$E30))*($AH$3:$CS$3<MAX($D30,$E30))*(MOD($AH$3:$CS$3-MIN($D30,$E30),MAX(1,ABS(SIGN($J30)*8+SIGN($I30))))=0)*($AH29:$CS29<>""))) -> 0 | M30: =IF($K30<>"K",0,IFERROR(--AND($J30=0,ABS($I30)=2,$D30=IF($F30="w",5,61),IF($F30="w",$S29,$V29)=0,IF($I30=2,AND(IF($F30="w",$U29,$X29)=0,INDEX($AH29:$CS29,1,$D30+1)&""="",INDEX($AH29:$CS29,1,$D30+2)&""=""),AND(IF($F30="w",$T29,$W29)=0,INDEX($AH29:$CS29,1,$D30-1)&""="",INDEX($AH29:$CS29,1,$D30-2)&""="",INDEX($AH29:$CS29,1,$D30-3)&""=""))),0)) -> 0 | N30: =IF($K30<>"P",0,IFERROR(--OR(AND($I30=0,$J30=IF($F30="w",1,-1),$H30=""),AND($I30=0,$J30=2*IF($F30="w",1,-1),$H30="",INT(($D30-1)/8)=IF($F30="w",1,6),INDEX($AH29:$CS29,1,MAX(1,MIN(64,$D30+8*IF($F30="w",1,-1))))&""=""),AND(ABS($I30)=1,$J30=IF($F30="w",1,-1),$H30<>""),AND(ABS($I30)=1,$J30=IF($F30="w",1,-1),$H30="",$R29>0,$E30=$R29)),0)) -> 0 | O30: =IF(OR($D30=0,$E30=0,$G30=""),0,IF($K30="N",--OR(AND(ABS($I30)=1,ABS($J30)=2),AND(ABS($I30)=2,ABS($J30)=1)),IF($K30="B",--AND(ABS($I30)=ABS($J30),$I30<>0,$L30=0),IF($K30="R",--AND(OR($I30=0,$J30=0),OR($I30<>0,$J30<>0),$L30=0),IF($K30="Q",--AND(OR(AND(ABS($I30)=ABS($J30),$I30<>0),AND(OR($I30=0,$J30=0),OR($I30<>0,$J30<>0))),$L30=0),IF($K30="K",--OR(MAX(ABS($I30),ABS($J30))=1,$M30=1),$N30)))))) -> 0 | P30: =IF($Q30="OK",1,0) -> 0 | Q30: =IF($B30="","",IF(OR(COUNTIF($AH29:$CS29,"wK")=0,COUNTIF($AH29:$CS29,"bK")=0),"Game is over",IF(OR($D30=0,$E30=0),"Use the format e2e4",IF($G30="","No piece on that square",IF(LEFT($G30,1)<>$F30,"Not your piece ("&IF($F30="w","White","Black")&" to move)",IF($D30=$E30,"Piece must move",IF(AND($H30<>"",LEFT($H30,1)=$F30),"Cannot capture your own piece",IF($O30=0,"Illegal move for that piece (or path blocked)","OK")))))))) | R30: =IF($P30=1,IF(AND($K30="P",ABS($J30)=2),($D30+$E30)/2,0),$R29) -> 0 | S30: =--OR($S29=1,AND($P30=1,OR($D30=5,$E30=5))) -> FALSE | T30: =--OR($T29=1,AND($P30=1,OR($D30=1,$E30=1))) -> FALSE | U30: =--OR($U29=1,AND($P30=1,OR($D30=8,$E30=8))) -> FALSE | V30: =--OR($V29=1,AND($P30=1,OR($D30=61,$E30=61))) -> FALSE | W30: =--OR($W29=1,AND($P30=1,OR($D30=57,$E30=57))) -> FALSE | X30: =--OR($X29=1,AND($P30=1,OR($D30=64,$E30=64))) -> FALSE | Y30: =--AND($P30=1,$K30="K",ABS($I30)=2) -> FALSE | Z30: =--AND($P30=1,$K30="P",ABS($I30)=1,$H30="") -> FALSE | AA30: =--AND($P30=1,$K30="P",INT(($E30-1)/8)=IF($F30="w",7,0)) -> FALSE | AB30: =IF(LEN($C30)>=5,IF(ISNUMBER(FIND(MID($C30,5,1),"qrbn")),UPPER(MID($C30,5,1)),"Q"),"Q") -> Q | AC30: =IF($Y30=1,IF($I30=2,$D30+3,$D30-4),0) -> 0 | AD30: =IF($Y30=1,IF($I30=2,$D30+1,$D30-1),0) -> 0 | AE30: =IF($Z30=1,$E30-8*IF($F30="w",1,-1),0) -> 0 | AF30: =IF($B30="","",IF($P30=1,LOWER(INDEX($CV$2:$CV$13,MATCH($G30,$CU$2:$CU$13,0)))&" "&MID("abcdefgh",MOD($D30-1,8)+1,1)&(INT(($D30-1)/8)+1)&"→"&MID("abcdefgh",MOD($E30-1,8)+1,1)&(INT(($E30-1)/8)+1)&IF(OR($H30<>"",$Z30=1)," ×","")&IF($Y30=1," castles","")&IF($Z30=1," e.p.","")&IF($AA30=1," =" &LOWER(INDEX($CV$2:$CV$13,MATCH($F30&$AB30,$CU$2:$CU$13,0))),""),"X "&$Q30)) | AH30: =IF($P30=0,AH29,IF(AH$3=$E30,IF($AA30=1,$F30&$AB30,$G30),IF(OR(AH$3=$D30,AH$3=$AC30,AH$3=$AE30),"",IF(AH$3=$AD30,$F30&"R",AH29)))) -> wR | AI30: =IF($P30=0,AI29,IF(AI$3=$E30,IF($AA30=1,$F30&$AB30,$G30),IF(OR(AI$3=$D30,AI$3=$AC30,AI$3=$AE30),"",IF(AI$3=$AD30,$F30&"R",AI29)))) -> wN | AJ30: =IF($P30=0,AJ29,IF(AJ$3=$E30,IF($AA30=1,$F30&$AB30,$G30),IF(OR(AJ$3=$D30,AJ$3=$AC30,AJ$3=$AE30),"",IF(AJ$3=$AD30,$F30&"R",AJ29)))) -> wB | AK30: =IF($P30=0,AK29,IF(AK$3=$E30,IF($AA30=1,$F30&$AB30,$G30),IF(OR(AK$3=$D30,AK$3=$AC30,AK$3=$AE30),"",IF(AK$3=$AD30,$F30&"R",AK29)))) -> wQ | AL30: =IF($P30=0,AL29,IF(AL$3=$E30,IF($AA30=1,$F30&$AB30,$G30),IF(OR(AL$3=$D30,AL$3=$AC30,AL$3=$AE30),"",IF(AL$3=$AD30,$F30&"R",AL29)))) -> wK | AM30: =IF($P30=0,AM29,IF(AM$3=$E30,IF($AA30=1,$F30&$AB30,$G30),IF(OR(AM$3=$D30,AM$3=$AC30,AM$3=$AE30),"",IF(AM$3=$AD30,$F30&"R",AM29)))) -> wB | AN30: =IF($P30=0,AN29,IF(AN$3=$E30,IF($AA30=1,$F30&$AB30,$G30),IF(OR(AN$3=$D30,AN$3=$AC30,AN$3=$AE30),"",IF(AN$3=$AD30,$F30&"R",AN29)))) -> wN | AO30: =IF($P30=0,AO29,IF(AO$3=$E30,IF($AA30=1,$F30&$AB30,$G30),IF(OR(AO$3=$D30,AO$3=$AC30,AO$3=$AE30),"",IF(AO$3=$AD30,$F30&"R",AO29)))) -> wR | ... CS30: =IF($P30=0,CS29,IF(CS$3=$E30,IF($AA30=1,$F30&$AB30,$G30),IF(OR(CS$3=$D30,CS$3=$AC30,CS$3=$AE30),"",IF(CS$3=$AD30,$F30&"R",CS29)))) -> bR
A31: 26 | B31: =IF(Chess!$L$35="","",Chess!$L$35&"") | C31: =LOWER(SUBSTITUTE(SUBSTITUTE(SUBSTITUTE(SUBSTITUTE(TRIM($B31),"-",""),"=","")," ",""),"x","")) | D31: =IF(LEN($C31)<4,0,IFERROR(IF(AND(CODE(MID($C31,1,1))>=97,CODE(MID($C31,1,1))<=104,VALUE(MID($C31,2,1))>=1,VALUE(MID($C31,2,1))<=8),(VALUE(MID($C31,2,1))-1)*8+CODE(MID($C31,1,1))-96,0),0)) -> 0 | E31: =IF(LEN($C31)<4,0,IFERROR(IF(AND(CODE(MID($C31,3,1))>=97,CODE(MID($C31,3,1))<=104,VALUE(MID($C31,4,1))>=1,VALUE(MID($C31,4,1))<=8),(VALUE(MID($C31,4,1))-1)*8+CODE(MID($C31,3,1))-96,0),0)) -> 0 | F31: =IF(MOD(SUM($P$5:$P30),2)=0,"w","b") -> w | G31: =IF($D31=0,"",INDEX($AH30:$CS30,1,$D31)&"") | H31: =IF($E31=0,"",INDEX($AH30:$CS30,1,$E31)&"") | I31: =IF(OR($D31=0,$E31=0),0,MOD($E31-1,8)-MOD($D31-1,8)) -> 0 | J31: =IF(OR($D31=0,$E31=0),0,INT(($E31-1)/8)-INT(($D31-1)/8)) -> 0 | K31: =IF($G31="","",RIGHT($G31,1)) | L31: =IF(OR($D31=0,$E31=0),0,SUMPRODUCT(($AH$3:$CS$3>MIN($D31,$E31))*($AH$3:$CS$3<MAX($D31,$E31))*(MOD($AH$3:$CS$3-MIN($D31,$E31),MAX(1,ABS(SIGN($J31)*8+SIGN($I31))))=0)*($AH30:$CS30<>""))) -> 0 | M31: =IF($K31<>"K",0,IFERROR(--AND($J31=0,ABS($I31)=2,$D31=IF($F31="w",5,61),IF($F31="w",$S30,$V30)=0,IF($I31=2,AND(IF($F31="w",$U30,$X30)=0,INDEX($AH30:$CS30,1,$D31+1)&""="",INDEX($AH30:$CS30,1,$D31+2)&""=""),AND(IF($F31="w",$T30,$W30)=0,INDEX($AH30:$CS30,1,$D31-1)&""="",INDEX($AH30:$CS30,1,$D31-2)&""="",INDEX($AH30:$CS30,1,$D31-3)&""=""))),0)) -> 0 | N31: =IF($K31<>"P",0,IFERROR(--OR(AND($I31=0,$J31=IF($F31="w",1,-1),$H31=""),AND($I31=0,$J31=2*IF($F31="w",1,-1),$H31="",INT(($D31-1)/8)=IF($F31="w",1,6),INDEX($AH30:$CS30,1,MAX(1,MIN(64,$D31+8*IF($F31="w",1,-1))))&""=""),AND(ABS($I31)=1,$J31=IF($F31="w",1,-1),$H31<>""),AND(ABS($I31)=1,$J31=IF($F31="w",1,-1),$H31="",$R30>0,$E31=$R30)),0)) -> 0 | O31: =IF(OR($D31=0,$E31=0,$G31=""),0,IF($K31="N",--OR(AND(ABS($I31)=1,ABS($J31)=2),AND(ABS($I31)=2,ABS($J31)=1)),IF($K31="B",--AND(ABS($I31)=ABS($J31),$I31<>0,$L31=0),IF($K31="R",--AND(OR($I31=0,$J31=0),OR($I31<>0,$J31<>0),$L31=0),IF($K31="Q",--AND(OR(AND(ABS($I31)=ABS($J31),$I31<>0),AND(OR($I31=0,$J31=0),OR($I31<>0,$J31<>0))),$L31=0),IF($K31="K",--OR(MAX(ABS($I31),ABS($J31))=1,$M31=1),$N31)))))) -> 0 | P31: =IF($Q31="OK",1,0) -> 0 | Q31: =IF($B31="","",IF(OR(COUNTIF($AH30:$CS30,"wK")=0,COUNTIF($AH30:$CS30,"bK")=0),"Game is over",IF(OR($D31=0,$E31=0),"Use the format e2e4",IF($G31="","No piece on that square",IF(LEFT($G31,1)<>$F31,"Not your piece ("&IF($F31="w","White","Black")&" to move)",IF($D31=$E31,"Piece must move",IF(AND($H31<>"",LEFT($H31,1)=$F31),"Cannot capture your own piece",IF($O31=0,"Illegal move for that piece (or path blocked)","OK")))))))) | R31: =IF($P31=1,IF(AND($K31="P",ABS($J31)=2),($D31+$E31)/2,0),$R30) -> 0 | S31: =--OR($S30=1,AND($P31=1,OR($D31=5,$E31=5))) -> FALSE | T31: =--OR($T30=1,AND($P31=1,OR($D31=1,$E31=1))) -> FALSE | U31: =--OR($U30=1,AND($P31=1,OR($D31=8,$E31=8))) -> FALSE | V31: =--OR($V30=1,AND($P31=1,OR($D31=61,$E31=61))) -> FALSE | W31: =--OR($W30=1,AND($P31=1,OR($D31=57,$E31=57))) -> FALSE | X31: =--OR($X30=1,AND($P31=1,OR($D31=64,$E31=64))) -> FALSE | Y31: =--AND($P31=1,$K31="K",ABS($I31)=2) -> FALSE | Z31: =--AND($P31=1,$K31="P",ABS($I31)=1,$H31="") -> FALSE | AA31: =--AND($P31=1,$K31="P",INT(($E31-1)/8)=IF($F31="w",7,0)) -> FALSE | AB31: =IF(LEN($C31)>=5,IF(ISNUMBER(FIND(MID($C31,5,1),"qrbn")),UPPER(MID($C31,5,1)),"Q"),"Q") -> Q | AC31: =IF($Y31=1,IF($I31=2,$D31+3,$D31-4),0) -> 0 | AD31: =IF($Y31=1,IF($I31=2,$D31+1,$D31-1),0) -> 0 | AE31: =IF($Z31=1,$E31-8*IF($F31="w",1,-1),0) -> 0 | AF31: =IF($B31="","",IF($P31=1,LOWER(INDEX($CV$2:$CV$13,MATCH($G31,$CU$2:$CU$13,0)))&" "&MID("abcdefgh",MOD($D31-1,8)+1,1)&(INT(($D31-1)/8)+1)&"→"&MID("abcdefgh",MOD($E31-1,8)+1,1)&(INT(($E31-1)/8)+1)&IF(OR($H31<>"",$Z31=1)," ×","")&IF($Y31=1," castles","")&IF($Z31=1," e.p.","")&IF($AA31=1," =" &LOWER(INDEX($CV$2:$CV$13,MATCH($F31&$AB31,$CU$2:$CU$13,0))),""),"X "&$Q31)) | AH31: =IF($P31=0,AH30,IF(AH$3=$E31,IF($AA31=1,$F31&$AB31,$G31),IF(OR(AH$3=$D31,AH$3=$AC31,AH$3=$AE31),"",IF(AH$3=$AD31,$F31&"R",AH30)))) -> wR | AI31: =IF($P31=0,AI30,IF(AI$3=$E31,IF($AA31=1,$F31&$AB31,$G31),IF(OR(AI$3=$D31,AI$3=$AC31,AI$3=$AE31),"",IF(AI$3=$AD31,$F31&"R",AI30)))) -> wN | AJ31: =IF($P31=0,AJ30,IF(AJ$3=$E31,IF($AA31=1,$F31&$AB31,$G31),IF(OR(AJ$3=$D31,AJ$3=$AC31,AJ$3=$AE31),"",IF(AJ$3=$AD31,$F31&"R",AJ30)))) -> wB | AK31: =IF($P31=0,AK30,IF(AK$3=$E31,IF($AA31=1,$F31&$AB31,$G31),IF(OR(AK$3=$D31,AK$3=$AC31,AK$3=$AE31),"",IF(AK$3=$AD31,$F31&"R",AK30)))) -> wQ | AL31: =IF($P31=0,AL30,IF(AL$3=$E31,IF($AA31=1,$F31&$AB31,$G31),IF(OR(AL$3=$D31,AL$3=$AC31,AL$3=$AE31),"",IF(AL$3=$AD31,$F31&"R",AL30)))) -> wK | AM31: =IF($P31=0,AM30,IF(AM$3=$E31,IF($AA31=1,$F31&$AB31,$G31),IF(OR(AM$3=$D31,AM$3=$AC31,AM$3=$AE31),"",IF(AM$3=$AD31,$F31&"R",AM30)))) -> wB | AN31: =IF($P31=0,AN30,IF(AN$3=$E31,IF($AA31=1,$F31&$AB31,$G31),IF(OR(AN$3=$D31,AN$3=$AC31,AN$3=$AE31),"",IF(AN$3=$AD31,$F31&"R",AN30)))) -> wN | AO31: =IF($P31=0,AO30,IF(AO$3=$E31,IF($AA31=1,$F31&$AB31,$G31),IF(OR(AO$3=$D31,AO$3=$AC31,AO$3=$AE31),"",IF(AO$3=$AD31,$F31&"R",AO30)))) -> wR | ... CS31: =IF($P31=0,CS30,IF(CS$3=$E31,IF($AA31=1,$F31&$AB31,$G31),IF(OR(CS$3=$D31,CS$3=$AC31,CS$3=$AE31),"",IF(CS$3=$AD31,$F31&"R",CS30)))) -> bR
A32: 27 | B32: =IF(Chess!$L$36="","",Chess!$L$36&"") | C32: =LOWER(SUBSTITUTE(SUBSTITUTE(SUBSTITUTE(SUBSTITUTE(TRIM($B32),"-",""),"=","")," ",""),"x","")) | D32: =IF(LEN($C32)<4,0,IFERROR(IF(AND(CODE(MID($C32,1,1))>=97,CODE(MID($C32,1,1))<=104,VALUE(MID($C32,2,1))>=1,VALUE(MID($C32,2,1))<=8),(VALUE(MID($C32,2,1))-1)*8+CODE(MID($C32,1,1))-96,0),0)) -> 0 | E32: =IF(LEN($C32)<4,0,IFERROR(IF(AND(CODE(MID($C32,3,1))>=97,CODE(MID($C32,3,1))<=104,VALUE(MID($C32,4,1))>=1,VALUE(MID($C32,4,1))<=8),(VALUE(MID($C32,4,1))-1)*8+CODE(MID($C32,3,1))-96,0),0)) -> 0 | F32: =IF(MOD(SUM($P$5:$P31),2)=0,"w","b") -> w | G32: =IF($D32=0,"",INDEX($AH31:$CS31,1,$D32)&"") | H32: =IF($E32=0,"",INDEX($AH31:$CS31,1,$E32)&"") | I32: =IF(OR($D32=0,$E32=0),0,MOD($E32-1,8)-MOD($D32-1,8)) -> 0 | J32: =IF(OR($D32=0,$E32=0),0,INT(($E32-1)/8)-INT(($D32-1)/8)) -> 0 | K32: =IF($G32="","",RIGHT($G32,1)) | L32: =IF(OR($D32=0,$E32=0),0,SUMPRODUCT(($AH$3:$CS$3>MIN($D32,$E32))*($AH$3:$CS$3<MAX($D32,$E32))*(MOD($AH$3:$CS$3-MIN($D32,$E32),MAX(1,ABS(SIGN($J32)*8+SIGN($I32))))=0)*($AH31:$CS31<>""))) -> 0 | M32: =IF($K32<>"K",0,IFERROR(--AND($J32=0,ABS($I32)=2,$D32=IF($F32="w",5,61),IF($F32="w",$S31,$V31)=0,IF($I32=2,AND(IF($F32="w",$U31,$X31)=0,INDEX($AH31:$CS31,1,$D32+1)&""="",INDEX($AH31:$CS31,1,$D32+2)&""=""),AND(IF($F32="w",$T31,$W31)=0,INDEX($AH31:$CS31,1,$D32-1)&""="",INDEX($AH31:$CS31,1,$D32-2)&""="",INDEX($AH31:$CS31,1,$D32-3)&""=""))),0)) -> 0 | N32: =IF($K32<>"P",0,IFERROR(--OR(AND($I32=0,$J32=IF($F32="w",1,-1),$H32=""),AND($I32=0,$J32=2*IF($F32="w",1,-1),$H32="",INT(($D32-1)/8)=IF($F32="w",1,6),INDEX($AH31:$CS31,1,MAX(1,MIN(64,$D32+8*IF($F32="w",1,-1))))&""=""),AND(ABS($I32)=1,$J32=IF($F32="w",1,-1),$H32<>""),AND(ABS($I32)=1,$J32=IF($F32="w",1,-1),$H32="",$R31>0,$E32=$R31)),0)) -> 0 | O32: =IF(OR($D32=0,$E32=0,$G32=""),0,IF($K32="N",--OR(AND(ABS($I32)=1,ABS($J32)=2),AND(ABS($I32)=2,ABS($J32)=1)),IF($K32="B",--AND(ABS($I32)=ABS($J32),$I32<>0,$L32=0),IF($K32="R",--AND(OR($I32=0,$J32=0),OR($I32<>0,$J32<>0),$L32=0),IF($K32="Q",--AND(OR(AND(ABS($I32)=ABS($J32),$I32<>0),AND(OR($I32=0,$J32=0),OR($I32<>0,$J32<>0))),$L32=0),IF($K32="K",--OR(MAX(ABS($I32),ABS($J32))=1,$M32=1),$N32)))))) -> 0 | P32: =IF($Q32="OK",1,0) -> 0 | Q32: =IF($B32="","",IF(OR(COUNTIF($AH31:$CS31,"wK")=0,COUNTIF($AH31:$CS31,"bK")=0),"Game is over",IF(OR($D32=0,$E32=0),"Use the format e2e4",IF($G32="","No piece on that square",IF(LEFT($G32,1)<>$F32,"Not your piece ("&IF($F32="w","White","Black")&" to move)",IF($D32=$E32,"Piece must move",IF(AND($H32<>"",LEFT($H32,1)=$F32),"Cannot capture your own piece",IF($O32=0,"Illegal move for that piece (or path blocked)","OK")))))))) | R32: =IF($P32=1,IF(AND($K32="P",ABS($J32)=2),($D32+$E32)/2,0),$R31) -> 0 | S32: =--OR($S31=1,AND($P32=1,OR($D32=5,$E32=5))) -> FALSE | T32: =--OR($T31=1,AND($P32=1,OR($D32=1,$E32=1))) -> FALSE | U32: =--OR($U31=1,AND($P32=1,OR($D32=8,$E32=8))) -> FALSE | V32: =--OR($V31=1,AND($P32=1,OR($D32=61,$E32=61))) -> FALSE | W32: =--OR($W31=1,AND($P32=1,OR($D32=57,$E32=57))) -> FALSE | X32: =--OR($X31=1,AND($P32=1,OR($D32=64,$E32=64))) -> FALSE | Y32: =--AND($P32=1,$K32="K",ABS($I32)=2) -> FALSE | Z32: =--AND($P32=1,$K32="P",ABS($I32)=1,$H32="") -> FALSE | AA32: =--AND($P32=1,$K32="P",INT(($E32-1)/8)=IF($F32="w",7,0)) -> FALSE | AB32: =IF(LEN($C32)>=5,IF(ISNUMBER(FIND(MID($C32,5,1),"qrbn")),UPPER(MID($C32,5,1)),"Q"),"Q") -> Q | AC32: =IF($Y32=1,IF($I32=2,$D32+3,$D32-4),0) -> 0 | AD32: =IF($Y32=1,IF($I32=2,$D32+1,$D32-1),0) -> 0 | AE32: =IF($Z32=1,$E32-8*IF($F32="w",1,-1),0) -> 0 | AF32: =IF($B32="","",IF($P32=1,LOWER(INDEX($CV$2:$CV$13,MATCH($G32,$CU$2:$CU$13,0)))&" "&MID("abcdefgh",MOD($D32-1,8)+1,1)&(INT(($D32-1)/8)+1)&"→"&MID("abcdefgh",MOD($E32-1,8)+1,1)&(INT(($E32-1)/8)+1)&IF(OR($H32<>"",$Z32=1)," ×","")&IF($Y32=1," castles","")&IF($Z32=1," e.p.","")&IF($AA32=1," =" &LOWER(INDEX($CV$2:$CV$13,MATCH($F32&$AB32,$CU$2:$CU$13,0))),""),"X "&$Q32)) | AH32: =IF($P32=0,AH31,IF(AH$3=$E32,IF($AA32=1,$F32&$AB32,$G32),IF(OR(AH$3=$D32,AH$3=$AC32,AH$3=$AE32),"",IF(AH$3=$AD32,$F32&"R",AH31)))) -> wR | AI32: =IF($P32=0,AI31,IF(AI$3=$E32,IF($AA32=1,$F32&$AB32,$G32),IF(OR(AI$3=$D32,AI$3=$AC32,AI$3=$AE32),"",IF(AI$3=$AD32,$F32&"R",AI31)))) -> wN | AJ32: =IF($P32=0,AJ31,IF(AJ$3=$E32,IF($AA32=1,$F32&$AB32,$G32),IF(OR(AJ$3=$D32,AJ$3=$AC32,AJ$3=$AE32),"",IF(AJ$3=$AD32,$F32&"R",AJ31)))) -> wB | AK32: =IF($P32=0,AK31,IF(AK$3=$E32,IF($AA32=1,$F32&$AB32,$G32),IF(OR(AK$3=$D32,AK$3=$AC32,AK$3=$AE32),"",IF(AK$3=$AD32,$F32&"R",AK31)))) -> wQ | AL32: =IF($P32=0,AL31,IF(AL$3=$E32,IF($AA32=1,$F32&$AB32,$G32),IF(OR(AL$3=$D32,AL$3=$AC32,AL$3=$AE32),"",IF(AL$3=$AD32,$F32&"R",AL31)))) -> wK | AM32: =IF($P32=0,AM31,IF(AM$3=$E32,IF($AA32=1,$F32&$AB32,$G32),IF(OR(AM$3=$D32,AM$3=$AC32,AM$3=$AE32),"",IF(AM$3=$AD32,$F32&"R",AM31)))) -> wB | AN32: =IF($P32=0,AN31,IF(AN$3=$E32,IF($AA32=1,$F32&$AB32,$G32),IF(OR(AN$3=$D32,AN$3=$AC32,AN$3=$AE32),"",IF(AN$3=$AD32,$F32&"R",AN31)))) -> wN | AO32: =IF($P32=0,AO31,IF(AO$3=$E32,IF($AA32=1,$F32&$AB32,$G32),IF(OR(AO$3=$D32,AO$3=$AC32,AO$3=$AE32),"",IF(AO$3=$AD32,$F32&"R",AO31)))) -> wR | ... CS32: =IF($P32=0,CS31,IF(CS$3=$E32,IF($AA32=1,$F32&$AB32,$G32),IF(OR(CS$3=$D32,CS$3=$AC32,CS$3=$AE32),"",IF(CS$3=$AD32,$F32&"R",CS31)))) -> bR
A33: 28 | B33: =IF(Chess!$L$37="","",Chess!$L$37&"") | C33: =LOWER(SUBSTITUTE(SUBSTITUTE(SUBSTITUTE(SUBSTITUTE(TRIM($B33),"-",""),"=","")," ",""),"x","")) | D33: =IF(LEN($C33)<4,0,IFERROR(IF(AND(CODE(MID($C33,1,1))>=97,CODE(MID($C33,1,1))<=104,VALUE(MID($C33,2,1))>=1,VALUE(MID($C33,2,1))<=8),(VALUE(MID($C33,2,1))-1)*8+CODE(MID($C33,1,1))-96,0),0)) -> 0 | E33: =IF(LEN($C33)<4,0,IFERROR(IF(AND(CODE(MID($C33,3,1))>=97,CODE(MID($C33,3,1))<=104,VALUE(MID($C33,4,1))>=1,VALUE(MID($C33,4,1))<=8),(VALUE(MID($C33,4,1))-1)*8+CODE(MID($C33,3,1))-96,0),0)) -> 0 | F33: =IF(MOD(SUM($P$5:$P32),2)=0,"w","b") -> w | G33: =IF($D33=0,"",INDEX($AH32:$CS32,1,$D33)&"") | H33: =IF($E33=0,"",INDEX($AH32:$CS32,1,$E33)&"") | I33: =IF(OR($D33=0,$E33=0),0,MOD($E33-1,8)-MOD($D33-1,8)) -> 0 | J33: =IF(OR($D33=0,$E33=0),0,INT(($E33-1)/8)-INT(($D33-1)/8)) -> 0 | K33: =IF($G33="","",RIGHT($G33,1)) | L33: =IF(OR($D33=0,$E33=0),0,SUMPRODUCT(($AH$3:$CS$3>MIN($D33,$E33))*($AH$3:$CS$3<MAX($D33,$E33))*(MOD($AH$3:$CS$3-MIN($D33,$E33),MAX(1,ABS(SIGN($J33)*8+SIGN($I33))))=0)*($AH32:$CS32<>""))) -> 0 | M33: =IF($K33<>"K",0,IFERROR(--AND($J33=0,ABS($I33)=2,$D33=IF($F33="w",5,61),IF($F33="w",$S32,$V32)=0,IF($I33=2,AND(IF($F33="w",$U32,$X32)=0,INDEX($AH32:$CS32,1,$D33+1)&""="",INDEX($AH32:$CS32,1,$D33+2)&""=""),AND(IF($F33="w",$T32,$W32)=0,INDEX($AH32:$CS32,1,$D33-1)&""="",INDEX($AH32:$CS32,1,$D33-2)&""="",INDEX($AH32:$CS32,1,$D33-3)&""=""))),0)) -> 0 | N33: =IF($K33<>"P",0,IFERROR(--OR(AND($I33=0,$J33=IF($F33="w",1,-1),$H33=""),AND($I33=0,$J33=2*IF($F33="w",1,-1),$H33="",INT(($D33-1)/8)=IF($F33="w",1,6),INDEX($AH32:$CS32,1,MAX(1,MIN(64,$D33+8*IF($F33="w",1,-1))))&""=""),AND(ABS($I33)=1,$J33=IF($F33="w",1,-1),$H33<>""),AND(ABS($I33)=1,$J33=IF($F33="w",1,-1),$H33="",$R32>0,$E33=$R32)),0)) -> 0 | O33: =IF(OR($D33=0,$E33=0,$G33=""),0,IF($K33="N",--OR(AND(ABS($I33)=1,ABS($J33)=2),AND(ABS($I33)=2,ABS($J33)=1)),IF($K33="B",--AND(ABS($I33)=ABS($J33),$I33<>0,$L33=0),IF($K33="R",--AND(OR($I33=0,$J33=0),OR($I33<>0,$J33<>0),$L33=0),IF($K33="Q",--AND(OR(AND(ABS($I33)=ABS($J33),$I33<>0),AND(OR($I33=0,$J33=0),OR($I33<>0,$J33<>0))),$L33=0),IF($K33="K",--OR(MAX(ABS($I33),ABS($J33))=1,$M33=1),$N33)))))) -> 0 | P33: =IF($Q33="OK",1,0) -> 0 | Q33: =IF($B33="","",IF(OR(COUNTIF($AH32:$CS32,"wK")=0,COUNTIF($AH32:$CS32,"bK")=0),"Game is over",IF(OR($D33=0,$E33=0),"Use the format e2e4",IF($G33="","No piece on that square",IF(LEFT($G33,1)<>$F33,"Not your piece ("&IF($F33="w","White","Black")&" to move)",IF($D33=$E33,"Piece must move",IF(AND($H33<>"",LEFT($H33,1)=$F33),"Cannot capture your own piece",IF($O33=0,"Illegal move for that piece (or path blocked)","OK")))))))) | R33: =IF($P33=1,IF(AND($K33="P",ABS($J33)=2),($D33+$E33)/2,0),$R32) -> 0 | S33: =--OR($S32=1,AND($P33=1,OR($D33=5,$E33=5))) -> FALSE | T33: =--OR($T32=1,AND($P33=1,OR($D33=1,$E33=1))) -> FALSE | U33: =--OR($U32=1,AND($P33=1,OR($D33=8,$E33=8))) -> FALSE | V33: =--OR($V32=1,AND($P33=1,OR($D33=61,$E33=61))) -> FALSE | W33: =--OR($W32=1,AND($P33=1,OR($D33=57,$E33=57))) -> FALSE | X33: =--OR($X32=1,AND($P33=1,OR($D33=64,$E33=64))) -> FALSE | Y33: =--AND($P33=1,$K33="K",ABS($I33)=2) -> FALSE | Z33: =--AND($P33=1,$K33="P",ABS($I33)=1,$H33="") -> FALSE | AA33: =--AND($P33=1,$K33="P",INT(($E33-1)/8)=IF($F33="w",7,0)) -> FALSE | AB33: =IF(LEN($C33)>=5,IF(ISNUMBER(FIND(MID($C33,5,1),"qrbn")),UPPER(MID($C33,5,1)),"Q"),"Q") -> Q | AC33: =IF($Y33=1,IF($I33=2,$D33+3,$D33-4),0) -> 0 | AD33: =IF($Y33=1,IF($I33=2,$D33+1,$D33-1),0) -> 0 | AE33: =IF($Z33=1,$E33-8*IF($F33="w",1,-1),0) -> 0 | AF33: =IF($B33="","",IF($P33=1,LOWER(INDEX($CV$2:$CV$13,MATCH($G33,$CU$2:$CU$13,0)))&" "&MID("abcdefgh",MOD($D33-1,8)+1,1)&(INT(($D33-1)/8)+1)&"→"&MID("abcdefgh",MOD($E33-1,8)+1,1)&(INT(($E33-1)/8)+1)&IF(OR($H33<>"",$Z33=1)," ×","")&IF($Y33=1," castles","")&IF($Z33=1," e.p.","")&IF($AA33=1," =" &LOWER(INDEX($CV$2:$CV$13,MATCH($F33&$AB33,$CU$2:$CU$13,0))),""),"X "&$Q33)) | AH33: =IF($P33=0,AH32,IF(AH$3=$E33,IF($AA33=1,$F33&$AB33,$G33),IF(OR(AH$3=$D33,AH$3=$AC33,AH$3=$AE33),"",IF(AH$3=$AD33,$F33&"R",AH32)))) -> wR | AI33: =IF($P33=0,AI32,IF(AI$3=$E33,IF($AA33=1,$F33&$AB33,$G33),IF(OR(AI$3=$D33,AI$3=$AC33,AI$3=$AE33),"",IF(AI$3=$AD33,$F33&"R",AI32)))) -> wN | AJ33: =IF($P33=0,AJ32,IF(AJ$3=$E33,IF($AA33=1,$F33&$AB33,$G33),IF(OR(AJ$3=$D33,AJ$3=$AC33,AJ$3=$AE33),"",IF(AJ$3=$AD33,$F33&"R",AJ32)))) -> wB | AK33: =IF($P33=0,AK32,IF(AK$3=$E33,IF($AA33=1,$F33&$AB33,$G33),IF(OR(AK$3=$D33,AK$3=$AC33,AK$3=$AE33),"",IF(AK$3=$AD33,$F33&"R",AK32)))) -> wQ | AL33: =IF($P33=0,AL32,IF(AL$3=$E33,IF($AA33=1,$F33&$AB33,$G33),IF(OR(AL$3=$D33,AL$3=$AC33,AL$3=$AE33),"",IF(AL$3=$AD33,$F33&"R",AL32)))) -> wK | AM33: =IF($P33=0,AM32,IF(AM$3=$E33,IF($AA33=1,$F33&$AB33,$G33),IF(OR(AM$3=$D33,AM$3=$AC33,AM$3=$AE33),"",IF(AM$3=$AD33,$F33&"R",AM32)))) -> wB | AN33: =IF($P33=0,AN32,IF(AN$3=$E33,IF($AA33=1,$F33&$AB33,$G33),IF(OR(AN$3=$D33,AN$3=$AC33,AN$3=$AE33),"",IF(AN$3=$AD33,$F33&"R",AN32)))) -> wN | AO33: =IF($P33=0,AO32,IF(AO$3=$E33,IF($AA33=1,$F33&$AB33,$G33),IF(OR(AO$3=$D33,AO$3=$AC33,AO$3=$AE33),"",IF(AO$3=$AD33,$F33&"R",AO32)))) -> wR | ... CS33: =IF($P33=0,CS32,IF(CS$3=$E33,IF($AA33=1,$F33&$AB33,$G33),IF(OR(CS$3=$D33,CS$3=$AC33,CS$3=$AE33),"",IF(CS$3=$AD33,$F33&"R",CS32)))) -> bR
A34: 29 | B34: =IF(Chess!$L$38="","",Chess!$L$38&"") | C34: =LOWER(SUBSTITUTE(SUBSTITUTE(SUBSTITUTE(SUBSTITUTE(TRIM($B34),"-",""),"=","")," ",""),"x","")) | D34: =IF(LEN($C34)<4,0,IFERROR(IF(AND(CODE(MID($C34,1,1))>=97,CODE(MID($C34,1,1))<=104,VALUE(MID($C34,2,1))>=1,VALUE(MID($C34,2,1))<=8),(VALUE(MID($C34,2,1))-1)*8+CODE(MID($C34,1,1))-96,0),0)) -> 0 | E34: =IF(LEN($C34)<4,0,IFERROR(IF(AND(CODE(MID($C34,3,1))>=97,CODE(MID($C34,3,1))<=104,VALUE(MID($C34,4,1))>=1,VALUE(MID($C34,4,1))<=8),(VALUE(MID($C34,4,1))-1)*8+CODE(MID($C34,3,1))-96,0),0)) -> 0 | F34: =IF(MOD(SUM($P$5:$P33),2)=0,"w","b") -> w | G34: =IF($D34=0,"",INDEX($AH33:$CS33,1,$D34)&"") | H34: =IF($E34=0,"",INDEX($AH33:$CS33,1,$E34)&"") | I34: =IF(OR($D34=0,$E34=0),0,MOD($E34-1,8)-MOD($D34-1,8)) -> 0 | J34: =IF(OR($D34=0,$E34=0),0,INT(($E34-1)/8)-INT(($D34-1)/8)) -> 0 | K34: =IF($G34="","",RIGHT($G34,1)) | L34: =IF(OR($D34=0,$E34=0),0,SUMPRODUCT(($AH$3:$CS$3>MIN($D34,$E34))*($AH$3:$CS$3<MAX($D34,$E34))*(MOD($AH$3:$CS$3-MIN($D34,$E34),MAX(1,ABS(SIGN($J34)*8+SIGN($I34))))=0)*($AH33:$CS33<>""))) -> 0 | M34: =IF($K34<>"K",0,IFERROR(--AND($J34=0,ABS($I34)=2,$D34=IF($F34="w",5,61),IF($F34="w",$S33,$V33)=0,IF($I34=2,AND(IF($F34="w",$U33,$X33)=0,INDEX($AH33:$CS33,1,$D34+1)&""="",INDEX($AH33:$CS33,1,$D34+2)&""=""),AND(IF($F34="w",$T33,$W33)=0,INDEX($AH33:$CS33,1,$D34-1)&""="",INDEX($AH33:$CS33,1,$D34-2)&""="",INDEX($AH33:$CS33,1,$D34-3)&""=""))),0)) -> 0 | N34: =IF($K34<>"P",0,IFERROR(--OR(AND($I34=0,$J34=IF($F34="w",1,-1),$H34=""),AND($I34=0,$J34=2*IF($F34="w",1,-1),$H34="",INT(($D34-1)/8)=IF($F34="w",1,6),INDEX($AH33:$CS33,1,MAX(1,MIN(64,$D34+8*IF($F34="w",1,-1))))&""=""),AND(ABS($I34)=1,$J34=IF($F34="w",1,-1),$H34<>""),AND(ABS($I34)=1,$J34=IF($F34="w",1,-1),$H34="",$R33>0,$E34=$R33)),0)) -> 0 | O34: =IF(OR($D34=0,$E34=0,$G34=""),0,IF($K34="N",--OR(AND(ABS($I34)=1,ABS($J34)=2),AND(ABS($I34)=2,ABS($J34)=1)),IF($K34="B",--AND(ABS($I34)=ABS($J34),$I34<>0,$L34=0),IF($K34="R",--AND(OR($I34=0,$J34=0),OR($I34<>0,$J34<>0),$L34=0),IF($K34="Q",--AND(OR(AND(ABS($I34)=ABS($J34),$I34<>0),AND(OR($I34=0,$J34=0),OR($I34<>0,$J34<>0))),$L34=0),IF($K34="K",--OR(MAX(ABS($I34),ABS($J34))=1,$M34=1),$N34)))))) -> 0 | P34: =IF($Q34="OK",1,0) -> 0 | Q34: =IF($B34="","",IF(OR(COUNTIF($AH33:$CS33,"wK")=0,COUNTIF($AH33:$CS33,"bK")=0),"Game is over",IF(OR($D34=0,$E34=0),"Use the format e2e4",IF($G34="","No piece on that square",IF(LEFT($G34,1)<>$F34,"Not your piece ("&IF($F34="w","White","Black")&" to move)",IF($D34=$E34,"Piece must move",IF(AND($H34<>"",LEFT($H34,1)=$F34),"Cannot capture your own piece",IF($O34=0,"Illegal move for that piece (or path blocked)","OK")))))))) | R34: =IF($P34=1,IF(AND($K34="P",ABS($J34)=2),($D34+$E34)/2,0),$R33) -> 0 | S34: =--OR($S33=1,AND($P34=1,OR($D34=5,$E34=5))) -> FALSE | T34: =--OR($T33=1,AND($P34=1,OR($D34=1,$E34=1))) -> FALSE | U34: =--OR($U33=1,AND($P34=1,OR($D34=8,$E34=8))) -> FALSE | V34: =--OR($V33=1,AND($P34=1,OR($D34=61,$E34=61))) -> FALSE | W34: =--OR($W33=1,AND($P34=1,OR($D34=57,$E34=57))) -> FALSE | X34: =--OR($X33=1,AND($P34=1,OR($D34=64,$E34=64))) -> FALSE | Y34: =--AND($P34=1,$K34="K",ABS($I34)=2) -> FALSE | Z34: =--AND($P34=1,$K34="P",ABS($I34)=1,$H34="") -> FALSE | AA34: =--AND($P34=1,$K34="P",INT(($E34-1)/8)=IF($F34="w",7,0)) -> FALSE | AB34: =IF(LEN($C34)>=5,IF(ISNUMBER(FIND(MID($C34,5,1),"qrbn")),UPPER(MID($C34,5,1)),"Q"),"Q") -> Q | AC34: =IF($Y34=1,IF($I34=2,$D34+3,$D34-4),0) -> 0 | AD34: =IF($Y34=1,IF($I34=2,$D34+1,$D34-1),0) -> 0 | AE34: =IF($Z34=1,$E34-8*IF($F34="w",1,-1),0) -> 0 | AF34: =IF($B34="","",IF($P34=1,LOWER(INDEX($CV$2:$CV$13,MATCH($G34,$CU$2:$CU$13,0)))&" "&MID("abcdefgh",MOD($D34-1,8)+1,1)&(INT(($D34-1)/8)+1)&"→"&MID("abcdefgh",MOD($E34-1,8)+1,1)&(INT(($E34-1)/8)+1)&IF(OR($H34<>"",$Z34=1)," ×","")&IF($Y34=1," castles","")&IF($Z34=1," e.p.","")&IF($AA34=1," =" &LOWER(INDEX($CV$2:$CV$13,MATCH($F34&$AB34,$CU$2:$CU$13,0))),""),"X "&$Q34)) | AH34: =IF($P34=0,AH33,IF(AH$3=$E34,IF($AA34=1,$F34&$AB34,$G34),IF(OR(AH$3=$D34,AH$3=$AC34,AH$3=$AE34),"",IF(AH$3=$AD34,$F34&"R",AH33)))) -> wR | AI34: =IF($P34=0,AI33,IF(AI$3=$E34,IF($AA34=1,$F34&$AB34,$G34),IF(OR(AI$3=$D34,AI$3=$AC34,AI$3=$AE34),"",IF(AI$3=$AD34,$F34&"R",AI33)))) -> wN | AJ34: =IF($P34=0,AJ33,IF(AJ$3=$E34,IF($AA34=1,$F34&$AB34,$G34),IF(OR(AJ$3=$D34,AJ$3=$AC34,AJ$3=$AE34),"",IF(AJ$3=$AD34,$F34&"R",AJ33)))) -> wB | AK34: =IF($P34=0,AK33,IF(AK$3=$E34,IF($AA34=1,$F34&$AB34,$G34),IF(OR(AK$3=$D34,AK$3=$AC34,AK$3=$AE34),"",IF(AK$3=$AD34,$F34&"R",AK33)))) -> wQ | AL34: =IF($P34=0,AL33,IF(AL$3=$E34,IF($AA34=1,$F34&$AB34,$G34),IF(OR(AL$3=$D34,AL$3=$AC34,AL$3=$AE34),"",IF(AL$3=$AD34,$F34&"R",AL33)))) -> wK | AM34: =IF($P34=0,AM33,IF(AM$3=$E34,IF($AA34=1,$F34&$AB34,$G34),IF(OR(AM$3=$D34,AM$3=$AC34,AM$3=$AE34),"",IF(AM$3=$AD34,$F34&"R",AM33)))) -> wB | AN34: =IF($P34=0,AN33,IF(AN$3=$E34,IF($AA34=1,$F34&$AB34,$G34),IF(OR(AN$3=$D34,AN$3=$AC34,AN$3=$AE34),"",IF(AN$3=$AD34,$F34&"R",AN33)))) -> wN | AO34: =IF($P34=0,AO33,IF(AO$3=$E34,IF($AA34=1,$F34&$AB34,$G34),IF(OR(AO$3=$D34,AO$3=$AC34,AO$3=$AE34),"",IF(AO$3=$AD34,$F34&"R",AO33)))) -> wR | ... CS34: =IF($P34=0,CS33,IF(CS$3=$E34,IF($AA34=1,$F34&$AB34,$G34),IF(OR(CS$3=$D34,CS$3=$AC34,CS$3=$AE34),"",IF(CS$3=$AD34,$F34&"R",CS33)))) -> bR
A35: 30 | B35: =IF(Chess!$L$39="","",Chess!$L$39&"") | C35: =LOWER(SUBSTITUTE(SUBSTITUTE(SUBSTITUTE(SUBSTITUTE(TRIM($B35),"-",""),"=","")," ",""),"x","")) | D35: =IF(LEN($C35)<4,0,IFERROR(IF(AND(CODE(MID($C35,1,1))>=97,CODE(MID($C35,1,1))<=104,VALUE(MID($C35,2,1))>=1,VALUE(MID($C35,2,1))<=8),(VALUE(MID($C35,2,1))-1)*8+CODE(MID($C35,1,1))-96,0),0)) -> 0 | E35: =IF(LEN($C35)<4,0,IFERROR(IF(AND(CODE(MID($C35,3,1))>=97,CODE(MID($C35,3,1))<=104,VALUE(MID($C35,4,1))>=1,VALUE(MID($C35,4,1))<=8),(VALUE(MID($C35,4,1))-1)*8+CODE(MID($C35,3,1))-96,0),0)) -> 0 | F35: =IF(MOD(SUM($P$5:$P34),2)=0,"w","b") -> w | G35: =IF($D35=0,"",INDEX($AH34:$CS34,1,$D35)&"") | H35: =IF($E35=0,"",INDEX($AH34:$CS34,1,$E35)&"") | I35: =IF(OR($D35=0,$E35=0),0,MOD($E35-1,8)-MOD($D35-1,8)) -> 0 | J35: =IF(OR($D35=0,$E35=0),0,INT(($E35-1)/8)-INT(($D35-1)/8)) -> 0 | K35: =IF($G35="","",RIGHT($G35,1)) | L35: =IF(OR($D35=0,$E35=0),0,SUMPRODUCT(($AH$3:$CS$3>MIN($D35,$E35))*($AH$3:$CS$3<MAX($D35,$E35))*(MOD($AH$3:$CS$3-MIN($D35,$E35),MAX(1,ABS(SIGN($J35)*8+SIGN($I35))))=0)*($AH34:$CS34<>""))) -> 0 | M35: =IF($K35<>"K",0,IFERROR(--AND($J35=0,ABS($I35)=2,$D35=IF($F35="w",5,61),IF($F35="w",$S34,$V34)=0,IF($I35=2,AND(IF($F35="w",$U34,$X34)=0,INDEX($AH34:$CS34,1,$D35+1)&""="",INDEX($AH34:$CS34,1,$D35+2)&""=""),AND(IF($F35="w",$T34,$W34)=0,INDEX($AH34:$CS34,1,$D35-1)&""="",INDEX($AH34:$CS34,1,$D35-2)&""="",INDEX($AH34:$CS34,1,$D35-3)&""=""))),0)) -> 0 | N35: =IF($K35<>"P",0,IFERROR(--OR(AND($I35=0,$J35=IF($F35="w",1,-1),$H35=""),AND($I35=0,$J35=2*IF($F35="w",1,-1),$H35="",INT(($D35-1)/8)=IF($F35="w",1,6),INDEX($AH34:$CS34,1,MAX(1,MIN(64,$D35+8*IF($F35="w",1,-1))))&""=""),AND(ABS($I35)=1,$J35=IF($F35="w",1,-1),$H35<>""),AND(ABS($I35)=1,$J35=IF($F35="w",1,-1),$H35="",$R34>0,$E35=$R34)),0)) -> 0 | O35: =IF(OR($D35=0,$E35=0,$G35=""),0,IF($K35="N",--OR(AND(ABS($I35)=1,ABS($J35)=2),AND(ABS($I35)=2,ABS($J35)=1)),IF($K35="B",--AND(ABS($I35)=ABS($J35),$I35<>0,$L35=0),IF($K35="R",--AND(OR($I35=0,$J35=0),OR($I35<>0,$J35<>0),$L35=0),IF($K35="Q",--AND(OR(AND(ABS($I35)=ABS($J35),$I35<>0),AND(OR($I35=0,$J35=0),OR($I35<>0,$J35<>0))),$L35=0),IF($K35="K",--OR(MAX(ABS($I35),ABS($J35))=1,$M35=1),$N35)))))) -> 0 | P35: =IF($Q35="OK",1,0) -> 0 | Q35: =IF($B35="","",IF(OR(COUNTIF($AH34:$CS34,"wK")=0,COUNTIF($AH34:$CS34,"bK")=0),"Game is over",IF(OR($D35=0,$E35=0),"Use the format e2e4",IF($G35="","No piece on that square",IF(LEFT($G35,1)<>$F35,"Not your piece ("&IF($F35="w","White","Black")&" to move)",IF($D35=$E35,"Piece must move",IF(AND($H35<>"",LEFT($H35,1)=$F35),"Cannot capture your own piece",IF($O35=0,"Illegal move for that piece (or path blocked)","OK")))))))) | R35: =IF($P35=1,IF(AND($K35="P",ABS($J35)=2),($D35+$E35)/2,0),$R34) -> 0 | S35: =--OR($S34=1,AND($P35=1,OR($D35=5,$E35=5))) -> FALSE | T35: =--OR($T34=1,AND($P35=1,OR($D35=1,$E35=1))) -> FALSE | U35: =--OR($U34=1,AND($P35=1,OR($D35=8,$E35=8))) -> FALSE | V35: =--OR($V34=1,AND($P35=1,OR($D35=61,$E35=61))) -> FALSE | W35: =--OR($W34=1,AND($P35=1,OR($D35=57,$E35=57))) -> FALSE | X35: =--OR($X34=1,AND($P35=1,OR($D35=64,$E35=64))) -> FALSE | Y35: =--AND($P35=1,$K35="K",ABS($I35)=2) -> FALSE | Z35: =--AND($P35=1,$K35="P",ABS($I35)=1,$H35="") -> FALSE | AA35: =--AND($P35=1,$K35="P",INT(($E35-1)/8)=IF($F35="w",7,0)) -> FALSE | AB35: =IF(LEN($C35)>=5,IF(ISNUMBER(FIND(MID($C35,5,1),"qrbn")),UPPER(MID($C35,5,1)),"Q"),"Q") -> Q | AC35: =IF($Y35=1,IF($I35=2,$D35+3,$D35-4),0) -> 0 | AD35: =IF($Y35=1,IF($I35=2,$D35+1,$D35-1),0) -> 0 | AE35: =IF($Z35=1,$E35-8*IF($F35="w",1,-1),0) -> 0 | AF35: =IF($B35="","",IF($P35=1,LOWER(INDEX($CV$2:$CV$13,MATCH($G35,$CU$2:$CU$13,0)))&" "&MID("abcdefgh",MOD($D35-1,8)+1,1)&(INT(($D35-1)/8)+1)&"→"&MID("abcdefgh",MOD($E35-1,8)+1,1)&(INT(($E35-1)/8)+1)&IF(OR($H35<>"",$Z35=1)," ×","")&IF($Y35=1," castles","")&IF($Z35=1," e.p.","")&IF($AA35=1," =" &LOWER(INDEX($CV$2:$CV$13,MATCH($F35&$AB35,$CU$2:$CU$13,0))),""),"X "&$Q35)) | AH35: =IF($P35=0,AH34,IF(AH$3=$E35,IF($AA35=1,$F35&$AB35,$G35),IF(OR(AH$3=$D35,AH$3=$AC35,AH$3=$AE35),"",IF(AH$3=$AD35,$F35&"R",AH34)))) -> wR | AI35: =IF($P35=0,AI34,IF(AI$3=$E35,IF($AA35=1,$F35&$AB35,$G35),IF(OR(AI$3=$D35,AI$3=$AC35,AI$3=$AE35),"",IF(AI$3=$AD35,$F35&"R",AI34)))) -> wN | AJ35: =IF($P35=0,AJ34,IF(AJ$3=$E35,IF($AA35=1,$F35&$AB35,$G35),IF(OR(AJ$3=$D35,AJ$3=$AC35,AJ$3=$AE35),"",IF(AJ$3=$AD35,$F35&"R",AJ34)))) -> wB | AK35: =IF($P35=0,AK34,IF(AK$3=$E35,IF($AA35=1,$F35&$AB35,$G35),IF(OR(AK$3=$D35,AK$3=$AC35,AK$3=$AE35),"",IF(AK$3=$AD35,$F35&"R",AK34)))) -> wQ | AL35: =IF($P35=0,AL34,IF(AL$3=$E35,IF($AA35=1,$F35&$AB35,$G35),IF(OR(AL$3=$D35,AL$3=$AC35,AL$3=$AE35),"",IF(AL$3=$AD35,$F35&"R",AL34)))) -> wK | AM35: =IF($P35=0,AM34,IF(AM$3=$E35,IF($AA35=1,$F35&$AB35,$G35),IF(OR(AM$3=$D35,AM$3=$AC35,AM$3=$AE35),"",IF(AM$3=$AD35,$F35&"R",AM34)))) -> wB | AN35: =IF($P35=0,AN34,IF(AN$3=$E35,IF($AA35=1,$F35&$AB35,$G35),IF(OR(AN$3=$D35,AN$3=$AC35,AN$3=$AE35),"",IF(AN$3=$AD35,$F35&"R",AN34)))) -> wN | AO35: =IF($P35=0,AO34,IF(AO$3=$E35,IF($AA35=1,$F35&$AB35,$G35),IF(OR(AO$3=$D35,AO$3=$AC35,AO$3=$AE35),"",IF(AO$3=$AD35,$F35&"R",AO34)))) -> wR | ... CS35: =IF($P35=0,CS34,IF(CS$3=$E35,IF($AA35=1,$F35&$AB35,$G35),IF(OR(CS$3=$D35,CS$3=$AC35,CS$3=$AE35),"",IF(CS$3=$AD35,$F35&"R",CS34)))) -> bR
A36: 31 | B36: =IF(Chess!$L$40="","",Chess!$L$40&"") | C36: =LOWER(SUBSTITUTE(SUBSTITUTE(SUBSTITUTE(SUBSTITUTE(TRIM($B36),"-",""),"=","")," ",""),"x","")) | D36: =IF(LEN($C36)<4,0,IFERROR(IF(AND(CODE(MID($C36,1,1))>=97,CODE(MID($C36,1,1))<=104,VALUE(MID($C36,2,1))>=1,VALUE(MID($C36,2,1))<=8),(VALUE(MID($C36,2,1))-1)*8+CODE(MID($C36,1,1))-96,0),0)) -> 0 | E36: =IF(LEN($C36)<4,0,IFERROR(IF(AND(CODE(MID($C36,3,1))>=97,CODE(MID($C36,3,1))<=104,VALUE(MID($C36,4,1))>=1,VALUE(MID($C36,4,1))<=8),(VALUE(MID($C36,4,1))-1)*8+CODE(MID($C36,3,1))-96,0),0)) -> 0 | F36: =IF(MOD(SUM($P$5:$P35),2)=0,"w","b") -> w | G36: =IF($D36=0,"",INDEX($AH35:$CS35,1,$D36)&"") | H36: =IF($E36=0,"",INDEX($AH35:$CS35,1,$E36)&"") | I36: =IF(OR($D36=0,$E36=0),0,MOD($E36-1,8)-MOD($D36-1,8)) -> 0 | J36: =IF(OR($D36=0,$E36=0),0,INT(($E36-1)/8)-INT(($D36-1)/8)) -> 0 | K36: =IF($G36="","",RIGHT($G36,1)) | L36: =IF(OR($D36=0,$E36=0),0,SUMPRODUCT(($AH$3:$CS$3>MIN($D36,$E36))*($AH$3:$CS$3<MAX($D36,$E36))*(MOD($AH$3:$CS$3-MIN($D36,$E36),MAX(1,ABS(SIGN($J36)*8+SIGN($I36))))=0)*($AH35:$CS35<>""))) -> 0 | M36: =IF($K36<>"K",0,IFERROR(--AND($J36=0,ABS($I36)=2,$D36=IF($F36="w",5,61),IF($F36="w",$S35,$V35)=0,IF($I36=2,AND(IF($F36="w",$U35,$X35)=0,INDEX($AH35:$CS35,1,$D36+1)&""="",INDEX($AH35:$CS35,1,$D36+2)&""=""),AND(IF($F36="w",$T35,$W35)=0,INDEX($AH35:$CS35,1,$D36-1)&""="",INDEX($AH35:$CS35,1,$D36-2)&""="",INDEX($AH35:$CS35,1,$D36-3)&""=""))),0)) -> 0 | N36: =IF($K36<>"P",0,IFERROR(--OR(AND($I36=0,$J36=IF($F36="w",1,-1),$H36=""),AND($I36=0,$J36=2*IF($F36="w",1,-1),$H36="",INT(($D36-1)/8)=IF($F36="w",1,6),INDEX($AH35:$CS35,1,MAX(1,MIN(64,$D36+8*IF($F36="w",1,-1))))&""=""),AND(ABS($I36)=1,$J36=IF($F36="w",1,-1),$H36<>""),AND(ABS($I36)=1,$J36=IF($F36="w",1,-1),$H36="",$R35>0,$E36=$R35)),0)) -> 0 | O36: =IF(OR($D36=0,$E36=0,$G36=""),0,IF($K36="N",--OR(AND(ABS($I36)=1,ABS($J36)=2),AND(ABS($I36)=2,ABS($J36)=1)),IF($K36="B",--AND(ABS($I36)=ABS($J36),$I36<>0,$L36=0),IF($K36="R",--AND(OR($I36=0,$J36=0),OR($I36<>0,$J36<>0),$L36=0),IF($K36="Q",--AND(OR(AND(ABS($I36)=ABS($J36),$I36<>0),AND(OR($I36=0,$J36=0),OR($I36<>0,$J36<>0))),$L36=0),IF($K36="K",--OR(MAX(ABS($I36),ABS($J36))=1,$M36=1),$N36)))))) -> 0 | P36: =IF($Q36="OK",1,0) -> 0 | Q36: =IF($B36="","",IF(OR(COUNTIF($AH35:$CS35,"wK")=0,COUNTIF($AH35:$CS35,"bK")=0),"Game is over",IF(OR($D36=0,$E36=0),"Use the format e2e4",IF($G36="","No piece on that square",IF(LEFT($G36,1)<>$F36,"Not your piece ("&IF($F36="w","White","Black")&" to move)",IF($D36=$E36,"Piece must move",IF(AND($H36<>"",LEFT($H36,1)=$F36),"Cannot capture your own piece",IF($O36=0,"Illegal move for that piece (or path blocked)","OK")))))))) | R36: =IF($P36=1,IF(AND($K36="P",ABS($J36)=2),($D36+$E36)/2,0),$R35) -> 0 | S36: =--OR($S35=1,AND($P36=1,OR($D36=5,$E36=5))) -> FALSE | T36: =--OR($T35=1,AND($P36=1,OR($D36=1,$E36=1))) -> FALSE | U36: =--OR($U35=1,AND($P36=1,OR($D36=8,$E36=8))) -> FALSE | V36: =--OR($V35=1,AND($P36=1,OR($D36=61,$E36=61))) -> FALSE | W36: =--OR($W35=1,AND($P36=1,OR($D36=57,$E36=57))) -> FALSE | X36: =--OR($X35=1,AND($P36=1,OR($D36=64,$E36=64))) -> FALSE | Y36: =--AND($P36=1,$K36="K",ABS($I36)=2) -> FALSE | Z36: =--AND($P36=1,$K36="P",ABS($I36)=1,$H36="") -> FALSE | AA36: =--AND($P36=1,$K36="P",INT(($E36-1)/8)=IF($F36="w",7,0)) -> FALSE | AB36: =IF(LEN($C36)>=5,IF(ISNUMBER(FIND(MID($C36,5,1),"qrbn")),UPPER(MID($C36,5,1)),"Q"),"Q") -> Q | AC36: =IF($Y36=1,IF($I36=2,$D36+3,$D36-4),0) -> 0 | AD36: =IF($Y36=1,IF($I36=2,$D36+1,$D36-1),0) -> 0 | AE36: =IF($Z36=1,$E36-8*IF($F36="w",1,-1),0) -> 0 | AF36: =IF($B36="","",IF($P36=1,LOWER(INDEX($CV$2:$CV$13,MATCH($G36,$CU$2:$CU$13,0)))&" "&MID("abcdefgh",MOD($D36-1,8)+1,1)&(INT(($D36-1)/8)+1)&"→"&MID("abcdefgh",MOD($E36-1,8)+1,1)&(INT(($E36-1)/8)+1)&IF(OR($H36<>"",$Z36=1)," ×","")&IF($Y36=1," castles","")&IF($Z36=1," e.p.","")&IF($AA36=1," =" &LOWER(INDEX($CV$2:$CV$13,MATCH($F36&$AB36,$CU$2:$CU$13,0))),""),"X "&$Q36)) | AH36: =IF($P36=0,AH35,IF(AH$3=$E36,IF($AA36=1,$F36&$AB36,$G36),IF(OR(AH$3=$D36,AH$3=$AC36,AH$3=$AE36),"",IF(AH$3=$AD36,$F36&"R",AH35)))) -> wR | AI36: =IF($P36=0,AI35,IF(AI$3=$E36,IF($AA36=1,$F36&$AB36,$G36),IF(OR(AI$3=$D36,AI$3=$AC36,AI$3=$AE36),"",IF(AI$3=$AD36,$F36&"R",AI35)))) -> wN | AJ36: =IF($P36=0,AJ35,IF(AJ$3=$E36,IF($AA36=1,$F36&$AB36,$G36),IF(OR(AJ$3=$D36,AJ$3=$AC36,AJ$3=$AE36),"",IF(AJ$3=$AD36,$F36&"R",AJ35)))) -> wB | AK36: =IF($P36=0,AK35,IF(AK$3=$E36,IF($AA36=1,$F36&$AB36,$G36),IF(OR(AK$3=$D36,AK$3=$AC36,AK$3=$AE36),"",IF(AK$3=$AD36,$F36&"R",AK35)))) -> wQ | AL36: =IF($P36=0,AL35,IF(AL$3=$E36,IF($AA36=1,$F36&$AB36,$G36),IF(OR(AL$3=$D36,AL$3=$AC36,AL$3=$AE36),"",IF(AL$3=$AD36,$F36&"R",AL35)))) -> wK | AM36: =IF($P36=0,AM35,IF(AM$3=$E36,IF($AA36=1,$F36&$AB36,$G36),IF(OR(AM$3=$D36,AM$3=$AC36,AM$3=$AE36),"",IF(AM$3=$AD36,$F36&"R",AM35)))) -> wB | AN36: =IF($P36=0,AN35,IF(AN$3=$E36,IF($AA36=1,$F36&$AB36,$G36),IF(OR(AN$3=$D36,AN$3=$AC36,AN$3=$AE36),"",IF(AN$3=$AD36,$F36&"R",AN35)))) -> wN | AO36: =IF($P36=0,AO35,IF(AO$3=$E36,IF($AA36=1,$F36&$AB36,$G36),IF(OR(AO$3=$D36,AO$3=$AC36,AO$3=$AE36),"",IF(AO$3=$AD36,$F36&"R",AO35)))) -> wR | ... CS36: =IF($P36=0,CS35,IF(CS$3=$E36,IF($AA36=1,$F36&$AB36,$G36),IF(OR(CS$3=$D36,CS$3=$AC36,CS$3=$AE36),"",IF(CS$3=$AD36,$F36&"R",CS35)))) -> bR
A37: 32 | B37: =IF(Chess!$L$41="","",Chess!$L$41&"") | C37: =LOWER(SUBSTITUTE(SUBSTITUTE(SUBSTITUTE(SUBSTITUTE(TRIM($B37),"-",""),"=","")," ",""),"x","")) | D37: =IF(LEN($C37)<4,0,IFERROR(IF(AND(CODE(MID($C37,1,1))>=97,CODE(MID($C37,1,1))<=104,VALUE(MID($C37,2,1))>=1,VALUE(MID($C37,2,1))<=8),(VALUE(MID($C37,2,1))-1)*8+CODE(MID($C37,1,1))-96,0),0)) -> 0 | E37: =IF(LEN($C37)<4,0,IFERROR(IF(AND(CODE(MID($C37,3,1))>=97,CODE(MID($C37,3,1))<=104,VALUE(MID($C37,4,1))>=1,VALUE(MID($C37,4,1))<=8),(VALUE(MID($C37,4,1))-1)*8+CODE(MID($C37,3,1))-96,0),0)) -> 0 | F37: =IF(MOD(SUM($P$5:$P36),2)=0,"w","b") -> w | G37: =IF($D37=0,"",INDEX($AH36:$CS36,1,$D37)&"") | H37: =IF($E37=0,"",INDEX($AH36:$CS36,1,$E37)&"") | I37: =IF(OR($D37=0,$E37=0),0,MOD($E37-1,8)-MOD($D37-1,8)) -> 0 | J37: =IF(OR($D37=0,$E37=0),0,INT(($E37-1)/8)-INT(($D37-1)/8)) -> 0 | K37: =IF($G37="","",RIGHT($G37,1)) | L37: =IF(OR($D37=0,$E37=0),0,SUMPRODUCT(($AH$3:$CS$3>MIN($D37,$E37))*($AH$3:$CS$3<MAX($D37,$E37))*(MOD($AH$3:$CS$3-MIN($D37,$E37),MAX(1,ABS(SIGN($J37)*8+SIGN($I37))))=0)*($AH36:$CS36<>""))) -> 0 | M37: =IF($K37<>"K",0,IFERROR(--AND($J37=0,ABS($I37)=2,$D37=IF($F37="w",5,61),IF($F37="w",$S36,$V36)=0,IF($I37=2,AND(IF($F37="w",$U36,$X36)=0,INDEX($AH36:$CS36,1,$D37+1)&""="",INDEX($AH36:$CS36,1,$D37+2)&""=""),AND(IF($F37="w",$T36,$W36)=0,INDEX($AH36:$CS36,1,$D37-1)&""="",INDEX($AH36:$CS36,1,$D37-2)&""="",INDEX($AH36:$CS36,1,$D37-3)&""=""))),0)) -> 0 | N37: =IF($K37<>"P",0,IFERROR(--OR(AND($I37=0,$J37=IF($F37="w",1,-1),$H37=""),AND($I37=0,$J37=2*IF($F37="w",1,-1),$H37="",INT(($D37-1)/8)=IF($F37="w",1,6),INDEX($AH36:$CS36,1,MAX(1,MIN(64,$D37+8*IF($F37="w",1,-1))))&""=""),AND(ABS($I37)=1,$J37=IF($F37="w",1,-1),$H37<>""),AND(ABS($I37)=1,$J37=IF($F37="w",1,-1),$H37="",$R36>0,$E37=$R36)),0)) -> 0 | O37: =IF(OR($D37=0,$E37=0,$G37=""),0,IF($K37="N",--OR(AND(ABS($I37)=1,ABS($J37)=2),AND(ABS($I37)=2,ABS($J37)=1)),IF($K37="B",--AND(ABS($I37)=ABS($J37),$I37<>0,$L37=0),IF($K37="R",--AND(OR($I37=0,$J37=0),OR($I37<>0,$J37<>0),$L37=0),IF($K37="Q",--AND(OR(AND(ABS($I37)=ABS($J37),$I37<>0),AND(OR($I37=0,$J37=0),OR($I37<>0,$J37<>0))),$L37=0),IF($K37="K",--OR(MAX(ABS($I37),ABS($J37))=1,$M37=1),$N37)))))) -> 0 | P37: =IF($Q37="OK",1,0) -> 0 | Q37: =IF($B37="","",IF(OR(COUNTIF($AH36:$CS36,"wK")=0,COUNTIF($AH36:$CS36,"bK")=0),"Game is over",IF(OR($D37=0,$E37=0),"Use the format e2e4",IF($G37="","No piece on that square",IF(LEFT($G37,1)<>$F37,"Not your piece ("&IF($F37="w","White","Black")&" to move)",IF($D37=$E37,"Piece must move",IF(AND($H37<>"",LEFT($H37,1)=$F37),"Cannot capture your own piece",IF($O37=0,"Illegal move for that piece (or path blocked)","OK")))))))) | R37: =IF($P37=1,IF(AND($K37="P",ABS($J37)=2),($D37+$E37)/2,0),$R36) -> 0 | S37: =--OR($S36=1,AND($P37=1,OR($D37=5,$E37=5))) -> FALSE | T37: =--OR($T36=1,AND($P37=1,OR($D37=1,$E37=1))) -> FALSE | U37: =--OR($U36=1,AND($P37=1,OR($D37=8,$E37=8))) -> FALSE | V37: =--OR($V36=1,AND($P37=1,OR($D37=61,$E37=61))) -> FALSE | W37: =--OR($W36=1,AND($P37=1,OR($D37=57,$E37=57))) -> FALSE | X37: =--OR($X36=1,AND($P37=1,OR($D37=64,$E37=64))) -> FALSE | Y37: =--AND($P37=1,$K37="K",ABS($I37)=2) -> FALSE | Z37: =--AND($P37=1,$K37="P",ABS($I37)=1,$H37="") -> FALSE | AA37: =--AND($P37=1,$K37="P",INT(($E37-1)/8)=IF($F37="w",7,0)) -> FALSE | AB37: =IF(LEN($C37)>=5,IF(ISNUMBER(FIND(MID($C37,5,1),"qrbn")),UPPER(MID($C37,5,1)),"Q"),"Q") -> Q | AC37: =IF($Y37=1,IF($I37=2,$D37+3,$D37-4),0) -> 0 | AD37: =IF($Y37=1,IF($I37=2,$D37+1,$D37-1),0) -> 0 | AE37: =IF($Z37=1,$E37-8*IF($F37="w",1,-1),0) -> 0 | AF37: =IF($B37="","",IF($P37=1,LOWER(INDEX($CV$2:$CV$13,MATCH($G37,$CU$2:$CU$13,0)))&" "&MID("abcdefgh",MOD($D37-1,8)+1,1)&(INT(($D37-1)/8)+1)&"→"&MID("abcdefgh",MOD($E37-1,8)+1,1)&(INT(($E37-1)/8)+1)&IF(OR($H37<>"",$Z37=1)," ×","")&IF($Y37=1," castles","")&IF($Z37=1," e.p.","")&IF($AA37=1," =" &LOWER(INDEX($CV$2:$CV$13,MATCH($F37&$AB37,$CU$2:$CU$13,0))),""),"X "&$Q37)) | AH37: =IF($P37=0,AH36,IF(AH$3=$E37,IF($AA37=1,$F37&$AB37,$G37),IF(OR(AH$3=$D37,AH$3=$AC37,AH$3=$AE37),"",IF(AH$3=$AD37,$F37&"R",AH36)))) -> wR | AI37: =IF($P37=0,AI36,IF(AI$3=$E37,IF($AA37=1,$F37&$AB37,$G37),IF(OR(AI$3=$D37,AI$3=$AC37,AI$3=$AE37),"",IF(AI$3=$AD37,$F37&"R",AI36)))) -> wN | AJ37: =IF($P37=0,AJ36,IF(AJ$3=$E37,IF($AA37=1,$F37&$AB37,$G37),IF(OR(AJ$3=$D37,AJ$3=$AC37,AJ$3=$AE37),"",IF(AJ$3=$AD37,$F37&"R",AJ36)))) -> wB | AK37: =IF($P37=0,AK36,IF(AK$3=$E37,IF($AA37=1,$F37&$AB37,$G37),IF(OR(AK$3=$D37,AK$3=$AC37,AK$3=$AE37),"",IF(AK$3=$AD37,$F37&"R",AK36)))) -> wQ | AL37: =IF($P37=0,AL36,IF(AL$3=$E37,IF($AA37=1,$F37&$AB37,$G37),IF(OR(AL$3=$D37,AL$3=$AC37,AL$3=$AE37),"",IF(AL$3=$AD37,$F37&"R",AL36)))) -> wK | AM37: =IF($P37=0,AM36,IF(AM$3=$E37,IF($AA37=1,$F37&$AB37,$G37),IF(OR(AM$3=$D37,AM$3=$AC37,AM$3=$AE37),"",IF(AM$3=$AD37,$F37&"R",AM36)))) -> wB | AN37: =IF($P37=0,AN36,IF(AN$3=$E37,IF($AA37=1,$F37&$AB37,$G37),IF(OR(AN$3=$D37,AN$3=$AC37,AN$3=$AE37),"",IF(AN$3=$AD37,$F37&"R",AN36)))) -> wN | AO37: =IF($P37=0,AO36,IF(AO$3=$E37,IF($AA37=1,$F37&$AB37,$G37),IF(OR(AO$3=$D37,AO$3=$AC37,AO$3=$AE37),"",IF(AO$3=$AD37,$F37&"R",AO36)))) -> wR | ... CS37: =IF($P37=0,CS36,IF(CS$3=$E37,IF($AA37=1,$F37&$AB37,$G37),IF(OR(CS$3=$D37,CS$3=$AC37,CS$3=$AE37),"",IF(CS$3=$AD37,$F37&"R",CS36)))) -> bR
A38: 33 | B38: =IF(Chess!$L$42="","",Chess!$L$42&"") | C38: =LOWER(SUBSTITUTE(SUBSTITUTE(SUBSTITUTE(SUBSTITUTE(TRIM($B38),"-",""),"=","")," ",""),"x","")) | D38: =IF(LEN($C38)<4,0,IFERROR(IF(AND(CODE(MID($C38,1,1))>=97,CODE(MID($C38,1,1))<=104,VALUE(MID($C38,2,1))>=1,VALUE(MID($C38,2,1))<=8),(VALUE(MID($C38,2,1))-1)*8+CODE(MID($C38,1,1))-96,0),0)) -> 0 | E38: =IF(LEN($C38)<4,0,IFERROR(IF(AND(CODE(MID($C38,3,1))>=97,CODE(MID($C38,3,1))<=104,VALUE(MID($C38,4,1))>=1,VALUE(MID($C38,4,1))<=8),(VALUE(MID($C38,4,1))-1)*8+CODE(MID($C38,3,1))-96,0),0)) -> 0 | F38: =IF(MOD(SUM($P$5:$P37),2)=0,"w","b") -> w | G38: =IF($D38=0,"",INDEX($AH37:$CS37,1,$D38)&"") | H38: =IF($E38=0,"",INDEX($AH37:$CS37,1,$E38)&"") | I38: =IF(OR($D38=0,$E38=0),0,MOD($E38-1,8)-MOD($D38-1,8)) -> 0 | J38: =IF(OR($D38=0,$E38=0),0,INT(($E38-1)/8)-INT(($D38-1)/8)) -> 0 | K38: =IF($G38="","",RIGHT($G38,1)) | L38: =IF(OR($D38=0,$E38=0),0,SUMPRODUCT(($AH$3:$CS$3>MIN($D38,$E38))*($AH$3:$CS$3<MAX($D38,$E38))*(MOD($AH$3:$CS$3-MIN($D38,$E38),MAX(1,ABS(SIGN($J38)*8+SIGN($I38))))=0)*($AH37:$CS37<>""))) -> 0 | M38: =IF($K38<>"K",0,IFERROR(--AND($J38=0,ABS($I38)=2,$D38=IF($F38="w",5,61),IF($F38="w",$S37,$V37)=0,IF($I38=2,AND(IF($F38="w",$U37,$X37)=0,INDEX($AH37:$CS37,1,$D38+1)&""="",INDEX($AH37:$CS37,1,$D38+2)&""=""),AND(IF($F38="w",$T37,$W37)=0,INDEX($AH37:$CS37,1,$D38-1)&""="",INDEX($AH37:$CS37,1,$D38-2)&""="",INDEX($AH37:$CS37,1,$D38-3)&""=""))),0)) -> 0 | N38: =IF($K38<>"P",0,IFERROR(--OR(AND($I38=0,$J38=IF($F38="w",1,-1),$H38=""),AND($I38=0,$J38=2*IF($F38="w",1,-1),$H38="",INT(($D38-1)/8)=IF($F38="w",1,6),INDEX($AH37:$CS37,1,MAX(1,MIN(64,$D38+8*IF($F38="w",1,-1))))&""=""),AND(ABS($I38)=1,$J38=IF($F38="w",1,-1),$H38<>""),AND(ABS($I38)=1,$J38=IF($F38="w",1,-1),$H38="",$R37>0,$E38=$R37)),0)) -> 0 | O38: =IF(OR($D38=0,$E38=0,$G38=""),0,IF($K38="N",--OR(AND(ABS($I38)=1,ABS($J38)=2),AND(ABS($I38)=2,ABS($J38)=1)),IF($K38="B",--AND(ABS($I38)=ABS($J38),$I38<>0,$L38=0),IF($K38="R",--AND(OR($I38=0,$J38=0),OR($I38<>0,$J38<>0),$L38=0),IF($K38="Q",--AND(OR(AND(ABS($I38)=ABS($J38),$I38<>0),AND(OR($I38=0,$J38=0),OR($I38<>0,$J38<>0))),$L38=0),IF($K38="K",--OR(MAX(ABS($I38),ABS($J38))=1,$M38=1),$N38)))))) -> 0 | P38: =IF($Q38="OK",1,0) -> 0 | Q38: =IF($B38="","",IF(OR(COUNTIF($AH37:$CS37,"wK")=0,COUNTIF($AH37:$CS37,"bK")=0),"Game is over",IF(OR($D38=0,$E38=0),"Use the format e2e4",IF($G38="","No piece on that square",IF(LEFT($G38,1)<>$F38,"Not your piece ("&IF($F38="w","White","Black")&" to move)",IF($D38=$E38,"Piece must move",IF(AND($H38<>"",LEFT($H38,1)=$F38),"Cannot capture your own piece",IF($O38=0,"Illegal move for that piece (or path blocked)","OK")))))))) | R38: =IF($P38=1,IF(AND($K38="P",ABS($J38)=2),($D38+$E38)/2,0),$R37) -> 0 | S38: =--OR($S37=1,AND($P38=1,OR($D38=5,$E38=5))) -> FALSE | T38: =--OR($T37=1,AND($P38=1,OR($D38=1,$E38=1))) -> FALSE | U38: =--OR($U37=1,AND($P38=1,OR($D38=8,$E38=8))) -> FALSE | V38: =--OR($V37=1,AND($P38=1,OR($D38=61,$E38=61))) -> FALSE | W38: =--OR($W37=1,AND($P38=1,OR($D38=57,$E38=57))) -> FALSE | X38: =--OR($X37=1,AND($P38=1,OR($D38=64,$E38=64))) -> FALSE | Y38: =--AND($P38=1,$K38="K",ABS($I38)=2) -> FALSE | Z38: =--AND($P38=1,$K38="P",ABS($I38)=1,$H38="") -> FALSE | AA38: =--AND($P38=1,$K38="P",INT(($E38-1)/8)=IF($F38="w",7,0)) -> FALSE | AB38: =IF(LEN($C38)>=5,IF(ISNUMBER(FIND(MID($C38,5,1),"qrbn")),UPPER(MID($C38,5,1)),"Q"),"Q") -> Q | AC38: =IF($Y38=1,IF($I38=2,$D38+3,$D38-4),0) -> 0 | AD38: =IF($Y38=1,IF($I38=2,$D38+1,$D38-1),0) -> 0 | AE38: =IF($Z38=1,$E38-8*IF($F38="w",1,-1),0) -> 0 | AF38: =IF($B38="","",IF($P38=1,LOWER(INDEX($CV$2:$CV$13,MATCH($G38,$CU$2:$CU$13,0)))&" "&MID("abcdefgh",MOD($D38-1,8)+1,1)&(INT(($D38-1)/8)+1)&"→"&MID("abcdefgh",MOD($E38-1,8)+1,1)&(INT(($E38-1)/8)+1)&IF(OR($H38<>"",$Z38=1)," ×","")&IF($Y38=1," castles","")&IF($Z38=1," e.p.","")&IF($AA38=1," =" &LOWER(INDEX($CV$2:$CV$13,MATCH($F38&$AB38,$CU$2:$CU$13,0))),""),"X "&$Q38)) | AH38: =IF($P38=0,AH37,IF(AH$3=$E38,IF($AA38=1,$F38&$AB38,$G38),IF(OR(AH$3=$D38,AH$3=$AC38,AH$3=$AE38),"",IF(AH$3=$AD38,$F38&"R",AH37)))) -> wR | AI38: =IF($P38=0,AI37,IF(AI$3=$E38,IF($AA38=1,$F38&$AB38,$G38),IF(OR(AI$3=$D38,AI$3=$AC38,AI$3=$AE38),"",IF(AI$3=$AD38,$F38&"R",AI37)))) -> wN | AJ38: =IF($P38=0,AJ37,IF(AJ$3=$E38,IF($AA38=1,$F38&$AB38,$G38),IF(OR(AJ$3=$D38,AJ$3=$AC38,AJ$3=$AE38),"",IF(AJ$3=$AD38,$F38&"R",AJ37)))) -> wB | AK38: =IF($P38=0,AK37,IF(AK$3=$E38,IF($AA38=1,$F38&$AB38,$G38),IF(OR(AK$3=$D38,AK$3=$AC38,AK$3=$AE38),"",IF(AK$3=$AD38,$F38&"R",AK37)))) -> wQ | AL38: =IF($P38=0,AL37,IF(AL$3=$E38,IF($AA38=1,$F38&$AB38,$G38),IF(OR(AL$3=$D38,AL$3=$AC38,AL$3=$AE38),"",IF(AL$3=$AD38,$F38&"R",AL37)))) -> wK | AM38: =IF($P38=0,AM37,IF(AM$3=$E38,IF($AA38=1,$F38&$AB38,$G38),IF(OR(AM$3=$D38,AM$3=$AC38,AM$3=$AE38),"",IF(AM$3=$AD38,$F38&"R",AM37)))) -> wB | AN38: =IF($P38=0,AN37,IF(AN$3=$E38,IF($AA38=1,$F38&$AB38,$G38),IF(OR(AN$3=$D38,AN$3=$AC38,AN$3=$AE38),"",IF(AN$3=$AD38,$F38&"R",AN37)))) -> wN | AO38: =IF($P38=0,AO37,IF(AO$3=$E38,IF($AA38=1,$F38&$AB38,$G38),IF(OR(AO$3=$D38,AO$3=$AC38,AO$3=$AE38),"",IF(AO$3=$AD38,$F38&"R",AO37)))) -> wR | ... CS38: =IF($P38=0,CS37,IF(CS$3=$E38,IF($AA38=1,$F38&$AB38,$G38),IF(OR(CS$3=$D38,CS$3=$AC38,CS$3=$AE38),"",IF(CS$3=$AD38,$F38&"R",CS37)))) -> bR
A39: 34 | B39: =IF(Chess!$L$43="","",Chess!$L$43&"") | C39: =LOWER(SUBSTITUTE(SUBSTITUTE(SUBSTITUTE(SUBSTITUTE(TRIM($B39),"-",""),"=","")," ",""),"x","")) | D39: =IF(LEN($C39)<4,0,IFERROR(IF(AND(CODE(MID($C39,1,1))>=97,CODE(MID($C39,1,1))<=104,VALUE(MID($C39,2,1))>=1,VALUE(MID($C39,2,1))<=8),(VALUE(MID($C39,2,1))-1)*8+CODE(MID($C39,1,1))-96,0),0)) -> 0 | E39: =IF(LEN($C39)<4,0,IFERROR(IF(AND(CODE(MID($C39,3,1))>=97,CODE(MID($C39,3,1))<=104,VALUE(MID($C39,4,1))>=1,VALUE(MID($C39,4,1))<=8),(VALUE(MID($C39,4,1))-1)*8+CODE(MID($C39,3,1))-96,0),0)) -> 0 | F39: =IF(MOD(SUM($P$5:$P38),2)=0,"w","b") -> w | G39: =IF($D39=0,"",INDEX($AH38:$CS38,1,$D39)&"") | H39: =IF($E39=0,"",INDEX($AH38:$CS38,1,$E39)&"") | I39: =IF(OR($D39=0,$E39=0),0,MOD($E39-1,8)-MOD($D39-1,8)) -> 0 | J39: =IF(OR($D39=0,$E39=0),0,INT(($E39-1)/8)-INT(($D39-1)/8)) -> 0 | K39: =IF($G39="","",RIGHT($G39,1)) | L39: =IF(OR($D39=0,$E39=0),0,SUMPRODUCT(($AH$3:$CS$3>MIN($D39,$E39))*($AH$3:$CS$3<MAX($D39,$E39))*(MOD($AH$3:$CS$3-MIN($D39,$E39),MAX(1,ABS(SIGN($J39)*8+SIGN($I39))))=0)*($AH38:$CS38<>""))) -> 0 | M39: =IF($K39<>"K",0,IFERROR(--AND($J39=0,ABS($I39)=2,$D39=IF($F39="w",5,61),IF($F39="w",$S38,$V38)=0,IF($I39=2,AND(IF($F39="w",$U38,$X38)=0,INDEX($AH38:$CS38,1,$D39+1)&""="",INDEX($AH38:$CS38,1,$D39+2)&""=""),AND(IF($F39="w",$T38,$W38)=0,INDEX($AH38:$CS38,1,$D39-1)&""="",INDEX($AH38:$CS38,1,$D39-2)&""="",INDEX($AH38:$CS38,1,$D39-3)&""=""))),0)) -> 0 | N39: =IF($K39<>"P",0,IFERROR(--OR(AND($I39=0,$J39=IF($F39="w",1,-1),$H39=""),AND($I39=0,$J39=2*IF($F39="w",1,-1),$H39="",INT(($D39-1)/8)=IF($F39="w",1,6),INDEX($AH38:$CS38,1,MAX(1,MIN(64,$D39+8*IF($F39="w",1,-1))))&""=""),AND(ABS($I39)=1,$J39=IF($F39="w",1,-1),$H39<>""),AND(ABS($I39)=1,$J39=IF($F39="w",1,-1),$H39="",$R38>0,$E39=$R38)),0)) -> 0 | O39: =IF(OR($D39=0,$E39=0,$G39=""),0,IF($K39="N",--OR(AND(ABS($I39)=1,ABS($J39)=2),AND(ABS($I39)=2,ABS($J39)=1)),IF($K39="B",--AND(ABS($I39)=ABS($J39),$I39<>0,$L39=0),IF($K39="R",--AND(OR($I39=0,$J39=0),OR($I39<>0,$J39<>0),$L39=0),IF($K39="Q",--AND(OR(AND(ABS($I39)=ABS($J39),$I39<>0),AND(OR($I39=0,$J39=0),OR($I39<>0,$J39<>0))),$L39=0),IF($K39="K",--OR(MAX(ABS($I39),ABS($J39))=1,$M39=1),$N39)))))) -> 0 | P39: =IF($Q39="OK",1,0) -> 0 | Q39: =IF($B39="","",IF(OR(COUNTIF($AH38:$CS38,"wK")=0,COUNTIF($AH38:$CS38,"bK")=0),"Game is over",IF(OR($D39=0,$E39=0),"Use the format e2e4",IF($G39="","No piece on that square",IF(LEFT($G39,1)<>$F39,"Not your piece ("&IF($F39="w","White","Black")&" to move)",IF($D39=$E39,"Piece must move",IF(AND($H39<>"",LEFT($H39,1)=$F39),"Cannot capture your own piece",IF($O39=0,"Illegal move for that piece (or path blocked)","OK")))))))) | R39: =IF($P39=1,IF(AND($K39="P",ABS($J39)=2),($D39+$E39)/2,0),$R38) -> 0 | S39: =--OR($S38=1,AND($P39=1,OR($D39=5,$E39=5))) -> FALSE | T39: =--OR($T38=1,AND($P39=1,OR($D39=1,$E39=1))) -> FALSE | U39: =--OR($U38=1,AND($P39=1,OR($D39=8,$E39=8))) -> FALSE | V39: =--OR($V38=1,AND($P39=1,OR($D39=61,$E39=61))) -> FALSE | W39: =--OR($W38=1,AND($P39=1,OR($D39=57,$E39=57))) -> FALSE | X39: =--OR($X38=1,AND($P39=1,OR($D39=64,$E39=64))) -> FALSE | Y39: =--AND($P39=1,$K39="K",ABS($I39)=2) -> FALSE | Z39: =--AND($P39=1,$K39="P",ABS($I39)=1,$H39="") -> FALSE | AA39: =--AND($P39=1,$K39="P",INT(($E39-1)/8)=IF($F39="w",7,0)) -> FALSE | AB39: =IF(LEN($C39)>=5,IF(ISNUMBER(FIND(MID($C39,5,1),"qrbn")),UPPER(MID($C39,5,1)),"Q"),"Q") -> Q | AC39: =IF($Y39=1,IF($I39=2,$D39+3,$D39-4),0) -> 0 | AD39: =IF($Y39=1,IF($I39=2,$D39+1,$D39-1),0) -> 0 | AE39: =IF($Z39=1,$E39-8*IF($F39="w",1,-1),0) -> 0 | AF39: =IF($B39="","",IF($P39=1,LOWER(INDEX($CV$2:$CV$13,MATCH($G39,$CU$2:$CU$13,0)))&" "&MID("abcdefgh",MOD($D39-1,8)+1,1)&(INT(($D39-1)/8)+1)&"→"&MID("abcdefgh",MOD($E39-1,8)+1,1)&(INT(($E39-1)/8)+1)&IF(OR($H39<>"",$Z39=1)," ×","")&IF($Y39=1," castles","")&IF($Z39=1," e.p.","")&IF($AA39=1," =" &LOWER(INDEX($CV$2:$CV$13,MATCH($F39&$AB39,$CU$2:$CU$13,0))),""),"X "&$Q39)) | AH39: =IF($P39=0,AH38,IF(AH$3=$E39,IF($AA39=1,$F39&$AB39,$G39),IF(OR(AH$3=$D39,AH$3=$AC39,AH$3=$AE39),"",IF(AH$3=$AD39,$F39&"R",AH38)))) -> wR | AI39: =IF($P39=0,AI38,IF(AI$3=$E39,IF($AA39=1,$F39&$AB39,$G39),IF(OR(AI$3=$D39,AI$3=$AC39,AI$3=$AE39),"",IF(AI$3=$AD39,$F39&"R",AI38)))) -> wN | AJ39: =IF($P39=0,AJ38,IF(AJ$3=$E39,IF($AA39=1,$F39&$AB39,$G39),IF(OR(AJ$3=$D39,AJ$3=$AC39,AJ$3=$AE39),"",IF(AJ$3=$AD39,$F39&"R",AJ38)))) -> wB | AK39: =IF($P39=0,AK38,IF(AK$3=$E39,IF($AA39=1,$F39&$AB39,$G39),IF(OR(AK$3=$D39,AK$3=$AC39,AK$3=$AE39),"",IF(AK$3=$AD39,$F39&"R",AK38)))) -> wQ | AL39: =IF($P39=0,AL38,IF(AL$3=$E39,IF($AA39=1,$F39&$AB39,$G39),IF(OR(AL$3=$D39,AL$3=$AC39,AL$3=$AE39),"",IF(AL$3=$AD39,$F39&"R",AL38)))) -> wK | AM39: =IF($P39=0,AM38,IF(AM$3=$E39,IF($AA39=1,$F39&$AB39,$G39),IF(OR(AM$3=$D39,AM$3=$AC39,AM$3=$AE39),"",IF(AM$3=$AD39,$F39&"R",AM38)))) -> wB | AN39: =IF($P39=0,AN38,IF(AN$3=$E39,IF($AA39=1,$F39&$AB39,$G39),IF(OR(AN$3=$D39,AN$3=$AC39,AN$3=$AE39),"",IF(AN$3=$AD39,$F39&"R",AN38)))) -> wN | AO39: =IF($P39=0,AO38,IF(AO$3=$E39,IF($AA39=1,$F39&$AB39,$G39),IF(OR(AO$3=$D39,AO$3=$AC39,AO$3=$AE39),"",IF(AO$3=$AD39,$F39&"R",AO38)))) -> wR | ... CS39: =IF($P39=0,CS38,IF(CS$3=$E39,IF($AA39=1,$F39&$AB39,$G39),IF(OR(CS$3=$D39,CS$3=$AC39,CS$3=$AE39),"",IF(CS$3=$AD39,$F39&"R",CS38)))) -> bR
A40: 35 | B40: =IF(Chess!$L$44="","",Chess!$L$44&"") | C40: =LOWER(SUBSTITUTE(SUBSTITUTE(SUBSTITUTE(SUBSTITUTE(TRIM($B40),"-",""),"=","")," ",""),"x","")) | D40: =IF(LEN($C40)<4,0,IFERROR(IF(AND(CODE(MID($C40,1,1))>=97,CODE(MID($C40,1,1))<=104,VALUE(MID($C40,2,1))>=1,VALUE(MID($C40,2,1))<=8),(VALUE(MID($C40,2,1))-1)*8+CODE(MID($C40,1,1))-96,0),0)) -> 0 | E40: =IF(LEN($C40)<4,0,IFERROR(IF(AND(CODE(MID($C40,3,1))>=97,CODE(MID($C40,3,1))<=104,VALUE(MID($C40,4,1))>=1,VALUE(MID($C40,4,1))<=8),(VALUE(MID($C40,4,1))-1)*8+CODE(MID($C40,3,1))-96,0),0)) -> 0 | F40: =IF(MOD(SUM($P$5:$P39),2)=0,"w","b") -> w | G40: =IF($D40=0,"",INDEX($AH39:$CS39,1,$D40)&"") | H40: =IF($E40=0,"",INDEX($AH39:$CS39,1,$E40)&"") | I40: =IF(OR($D40=0,$E40=0),0,MOD($E40-1,8)-MOD($D40-1,8)) -> 0 | J40: =IF(OR($D40=0,$E40=0),0,INT(($E40-1)/8)-INT(($D40-1)/8)) -> 0 | K40: =IF($G40="","",RIGHT($G40,1)) | L40: =IF(OR($D40=0,$E40=0),0,SUMPRODUCT(($AH$3:$CS$3>MIN($D40,$E40))*($AH$3:$CS$3<MAX($D40,$E40))*(MOD($AH$3:$CS$3-MIN($D40,$E40),MAX(1,ABS(SIGN($J40)*8+SIGN($I40))))=0)*($AH39:$CS39<>""))) -> 0 | M40: =IF($K40<>"K",0,IFERROR(--AND($J40=0,ABS($I40)=2,$D40=IF($F40="w",5,61),IF($F40="w",$S39,$V39)=0,IF($I40=2,AND(IF($F40="w",$U39,$X39)=0,INDEX($AH39:$CS39,1,$D40+1)&""="",INDEX($AH39:$CS39,1,$D40+2)&""=""),AND(IF($F40="w",$T39,$W39)=0,INDEX($AH39:$CS39,1,$D40-1)&""="",INDEX($AH39:$CS39,1,$D40-2)&""="",INDEX($AH39:$CS39,1,$D40-3)&""=""))),0)) -> 0 | N40: =IF($K40<>"P",0,IFERROR(--OR(AND($I40=0,$J40=IF($F40="w",1,-1),$H40=""),AND($I40=0,$J40=2*IF($F40="w",1,-1),$H40="",INT(($D40-1)/8)=IF($F40="w",1,6),INDEX($AH39:$CS39,1,MAX(1,MIN(64,$D40+8*IF($F40="w",1,-1))))&""=""),AND(ABS($I40)=1,$J40=IF($F40="w",1,-1),$H40<>""),AND(ABS($I40)=1,$J40=IF($F40="w",1,-1),$H40="",$R39>0,$E40=$R39)),0)) -> 0 | O40: =IF(OR($D40=0,$E40=0,$G40=""),0,IF($K40="N",--OR(AND(ABS($I40)=1,ABS($J40)=2),AND(ABS($I40)=2,ABS($J40)=1)),IF($K40="B",--AND(ABS($I40)=ABS($J40),$I40<>0,$L40=0),IF($K40="R",--AND(OR($I40=0,$J40=0),OR($I40<>0,$J40<>0),$L40=0),IF($K40="Q",--AND(OR(AND(ABS($I40)=ABS($J40),$I40<>0),AND(OR($I40=0,$J40=0),OR($I40<>0,$J40<>0))),$L40=0),IF($K40="K",--OR(MAX(ABS($I40),ABS($J40))=1,$M40=1),$N40)))))) -> 0 | P40: =IF($Q40="OK",1,0) -> 0 | Q40: =IF($B40="","",IF(OR(COUNTIF($AH39:$CS39,"wK")=0,COUNTIF($AH39:$CS39,"bK")=0),"Game is over",IF(OR($D40=0,$E40=0),"Use the format e2e4",IF($G40="","No piece on that square",IF(LEFT($G40,1)<>$F40,"Not your piece ("&IF($F40="w","White","Black")&" to move)",IF($D40=$E40,"Piece must move",IF(AND($H40<>"",LEFT($H40,1)=$F40),"Cannot capture your own piece",IF($O40=0,"Illegal move for that piece (or path blocked)","OK")))))))) | R40: =IF($P40=1,IF(AND($K40="P",ABS($J40)=2),($D40+$E40)/2,0),$R39) -> 0 | S40: =--OR($S39=1,AND($P40=1,OR($D40=5,$E40=5))) -> FALSE | T40: =--OR($T39=1,AND($P40=1,OR($D40=1,$E40=1))) -> FALSE | U40: =--OR($U39=1,AND($P40=1,OR($D40=8,$E40=8))) -> FALSE | V40: =--OR($V39=1,AND($P40=1,OR($D40=61,$E40=61))) -> FALSE | W40: =--OR($W39=1,AND($P40=1,OR($D40=57,$E40=57))) -> FALSE | X40: =--OR($X39=1,AND($P40=1,OR($D40=64,$E40=64))) -> FALSE | Y40: =--AND($P40=1,$K40="K",ABS($I40)=2) -> FALSE | Z40: =--AND($P40=1,$K40="P",ABS($I40)=1,$H40="") -> FALSE | AA40: =--AND($P40=1,$K40="P",INT(($E40-1)/8)=IF($F40="w",7,0)) -> FALSE | AB40: =IF(LEN($C40)>=5,IF(ISNUMBER(FIND(MID($C40,5,1),"qrbn")),UPPER(MID($C40,5,1)),"Q"),"Q") -> Q | AC40: =IF($Y40=1,IF($I40=2,$D40+3,$D40-4),0) -> 0 | AD40: =IF($Y40=1,IF($I40=2,$D40+1,$D40-1),0) -> 0 | AE40: =IF($Z40=1,$E40-8*IF($F40="w",1,-1),0) -> 0 | AF40: =IF($B40="","",IF($P40=1,LOWER(INDEX($CV$2:$CV$13,MATCH($G40,$CU$2:$CU$13,0)))&" "&MID("abcdefgh",MOD($D40-1,8)+1,1)&(INT(($D40-1)/8)+1)&"→"&MID("abcdefgh",MOD($E40-1,8)+1,1)&(INT(($E40-1)/8)+1)&IF(OR($H40<>"",$Z40=1)," ×","")&IF($Y40=1," castles","")&IF($Z40=1," e.p.","")&IF($AA40=1," =" &LOWER(INDEX($CV$2:$CV$13,MATCH($F40&$AB40,$CU$2:$CU$13,0))),""),"X "&$Q40)) | AH40: =IF($P40=0,AH39,IF(AH$3=$E40,IF($AA40=1,$F40&$AB40,$G40),IF(OR(AH$3=$D40,AH$3=$AC40,AH$3=$AE40),"",IF(AH$3=$AD40,$F40&"R",AH39)))) -> wR | AI40: =IF($P40=0,AI39,IF(AI$3=$E40,IF($AA40=1,$F40&$AB40,$G40),IF(OR(AI$3=$D40,AI$3=$AC40,AI$3=$AE40),"",IF(AI$3=$AD40,$F40&"R",AI39)))) -> wN | AJ40: =IF($P40=0,AJ39,IF(AJ$3=$E40,IF($AA40=1,$F40&$AB40,$G40),IF(OR(AJ$3=$D40,AJ$3=$AC40,AJ$3=$AE40),"",IF(AJ$3=$AD40,$F40&"R",AJ39)))) -> wB | AK40: =IF($P40=0,AK39,IF(AK$3=$E40,IF($AA40=1,$F40&$AB40,$G40),IF(OR(AK$3=$D40,AK$3=$AC40,AK$3=$AE40),"",IF(AK$3=$AD40,$F40&"R",AK39)))) -> wQ | AL40: =IF($P40=0,AL39,IF(AL$3=$E40,IF($AA40=1,$F40&$AB40,$G40),IF(OR(AL$3=$D40,AL$3=$AC40,AL$3=$AE40),"",IF(AL$3=$AD40,$F40&"R",AL39)))) -> wK | AM40: =IF($P40=0,AM39,IF(AM$3=$E40,IF($AA40=1,$F40&$AB40,$G40),IF(OR(AM$3=$D40,AM$3=$AC40,AM$3=$AE40),"",IF(AM$3=$AD40,$F40&"R",AM39)))) -> wB | AN40: =IF($P40=0,AN39,IF(AN$3=$E40,IF($AA40=1,$F40&$AB40,$G40),IF(OR(AN$3=$D40,AN$3=$AC40,AN$3=$AE40),"",IF(AN$3=$AD40,$F40&"R",AN39)))) -> wN | AO40: =IF($P40=0,AO39,IF(AO$3=$E40,IF($AA40=1,$F40&$AB40,$G40),IF(OR(AO$3=$D40,AO$3=$AC40,AO$3=$AE40),"",IF(AO$3=$AD40,$F40&"R",AO39)))) -> wR | ... CS40: =IF($P40=0,CS39,IF(CS$3=$E40,IF($AA40=1,$F40&$AB40,$G40),IF(OR(CS$3=$D40,CS$3=$AC40,CS$3=$AE40),"",IF(CS$3=$AD40,$F40&"R",CS39)))) -> bR
A41: 36 | B41: =IF(Chess!$L$45="","",Chess!$L$45&"") | C41: =LOWER(SUBSTITUTE(SUBSTITUTE(SUBSTITUTE(SUBSTITUTE(TRIM($B41),"-",""),"=","")," ",""),"x","")) | D41: =IF(LEN($C41)<4,0,IFERROR(IF(AND(CODE(MID($C41,1,1))>=97,CODE(MID($C41,1,1))<=104,VALUE(MID($C41,2,1))>=1,VALUE(MID($C41,2,1))<=8),(VALUE(MID($C41,2,1))-1)*8+CODE(MID($C41,1,1))-96,0),0)) -> 0 | E41: =IF(LEN($C41)<4,0,IFERROR(IF(AND(CODE(MID($C41,3,1))>=97,CODE(MID($C41,3,1))<=104,VALUE(MID($C41,4,1))>=1,VALUE(MID($C41,4,1))<=8),(VALUE(MID($C41,4,1))-1)*8+CODE(MID($C41,3,1))-96,0),0)) -> 0 | F41: =IF(MOD(SUM($P$5:$P40),2)=0,"w","b") -> w | G41: =IF($D41=0,"",INDEX($AH40:$CS40,1,$D41)&"") | H41: =IF($E41=0,"",INDEX($AH40:$CS40,1,$E41)&"") | I41: =IF(OR($D41=0,$E41=0),0,MOD($E41-1,8)-MOD($D41-1,8)) -> 0 | J41: =IF(OR($D41=0,$E41=0),0,INT(($E41-1)/8)-INT(($D41-1)/8)) -> 0 | K41: =IF($G41="","",RIGHT($G41,1)) | L41: =IF(OR($D41=0,$E41=0),0,SUMPRODUCT(($AH$3:$CS$3>MIN($D41,$E41))*($AH$3:$CS$3<MAX($D41,$E41))*(MOD($AH$3:$CS$3-MIN($D41,$E41),MAX(1,ABS(SIGN($J41)*8+SIGN($I41))))=0)*($AH40:$CS40<>""))) -> 0 | M41: =IF($K41<>"K",0,IFERROR(--AND($J41=0,ABS($I41)=2,$D41=IF($F41="w",5,61),IF($F41="w",$S40,$V40)=0,IF($I41=2,AND(IF($F41="w",$U40,$X40)=0,INDEX($AH40:$CS40,1,$D41+1)&""="",INDEX($AH40:$CS40,1,$D41+2)&""=""),AND(IF($F41="w",$T40,$W40)=0,INDEX($AH40:$CS40,1,$D41-1)&""="",INDEX($AH40:$CS40,1,$D41-2)&""="",INDEX($AH40:$CS40,1,$D41-3)&""=""))),0)) -> 0 | N41: =IF($K41<>"P",0,IFERROR(--OR(AND($I41=0,$J41=IF($F41="w",1,-1),$H41=""),AND($I41=0,$J41=2*IF($F41="w",1,-1),$H41="",INT(($D41-1)/8)=IF($F41="w",1,6),INDEX($AH40:$CS40,1,MAX(1,MIN(64,$D41+8*IF($F41="w",1,-1))))&""=""),AND(ABS($I41)=1,$J41=IF($F41="w",1,-1),$H41<>""),AND(ABS($I41)=1,$J41=IF($F41="w",1,-1),$H41="",$R40>0,$E41=$R40)),0)) -> 0 | O41: =IF(OR($D41=0,$E41=0,$G41=""),0,IF($K41="N",--OR(AND(ABS($I41)=1,ABS($J41)=2),AND(ABS($I41)=2,ABS($J41)=1)),IF($K41="B",--AND(ABS($I41)=ABS($J41),$I41<>0,$L41=0),IF($K41="R",--AND(OR($I41=0,$J41=0),OR($I41<>0,$J41<>0),$L41=0),IF($K41="Q",--AND(OR(AND(ABS($I41)=ABS($J41),$I41<>0),AND(OR($I41=0,$J41=0),OR($I41<>0,$J41<>0))),$L41=0),IF($K41="K",--OR(MAX(ABS($I41),ABS($J41))=1,$M41=1),$N41)))))) -> 0 | P41: =IF($Q41="OK",1,0) -> 0 | Q41: =IF($B41="","",IF(OR(COUNTIF($AH40:$CS40,"wK")=0,COUNTIF($AH40:$CS40,"bK")=0),"Game is over",IF(OR($D41=0,$E41=0),"Use the format e2e4",IF($G41="","No piece on that square",IF(LEFT($G41,1)<>$F41,"Not your piece ("&IF($F41="w","White","Black")&" to move)",IF($D41=$E41,"Piece must move",IF(AND($H41<>"",LEFT($H41,1)=$F41),"Cannot capture your own piece",IF($O41=0,"Illegal move for that piece (or path blocked)","OK")))))))) | R41: =IF($P41=1,IF(AND($K41="P",ABS($J41)=2),($D41+$E41)/2,0),$R40) -> 0 | S41: =--OR($S40=1,AND($P41=1,OR($D41=5,$E41=5))) -> FALSE | T41: =--OR($T40=1,AND($P41=1,OR($D41=1,$E41=1))) -> FALSE | U41: =--OR($U40=1,AND($P41=1,OR($D41=8,$E41=8))) -> FALSE | V41: =--OR($V40=1,AND($P41=1,OR($D41=61,$E41=61))) -> FALSE | W41: =--OR($W40=1,AND($P41=1,OR($D41=57,$E41=57))) -> FALSE | X41: =--OR($X40=1,AND($P41=1,OR($D41=64,$E41=64))) -> FALSE | Y41: =--AND($P41=1,$K41="K",ABS($I41)=2) -> FALSE | Z41: =--AND($P41=1,$K41="P",ABS($I41)=1,$H41="") -> FALSE | AA41: =--AND($P41=1,$K41="P",INT(($E41-1)/8)=IF($F41="w",7,0)) -> FALSE | AB41: =IF(LEN($C41)>=5,IF(ISNUMBER(FIND(MID($C41,5,1),"qrbn")),UPPER(MID($C41,5,1)),"Q"),"Q") -> Q | AC41: =IF($Y41=1,IF($I41=2,$D41+3,$D41-4),0) -> 0 | AD41: =IF($Y41=1,IF($I41=2,$D41+1,$D41-1),0) -> 0 | AE41: =IF($Z41=1,$E41-8*IF($F41="w",1,-1),0) -> 0 | AF41: =IF($B41="","",IF($P41=1,LOWER(INDEX($CV$2:$CV$13,MATCH($G41,$CU$2:$CU$13,0)))&" "&MID("abcdefgh",MOD($D41-1,8)+1,1)&(INT(($D41-1)/8)+1)&"→"&MID("abcdefgh",MOD($E41-1,8)+1,1)&(INT(($E41-1)/8)+1)&IF(OR($H41<>"",$Z41=1)," ×","")&IF($Y41=1," castles","")&IF($Z41=1," e.p.","")&IF($AA41=1," =" &LOWER(INDEX($CV$2:$CV$13,MATCH($F41&$AB41,$CU$2:$CU$13,0))),""),"X "&$Q41)) | AH41: =IF($P41=0,AH40,IF(AH$3=$E41,IF($AA41=1,$F41&$AB41,$G41),IF(OR(AH$3=$D41,AH$3=$AC41,AH$3=$AE41),"",IF(AH$3=$AD41,$F41&"R",AH40)))) -> wR | AI41: =IF($P41=0,AI40,IF(AI$3=$E41,IF($AA41=1,$F41&$AB41,$G41),IF(OR(AI$3=$D41,AI$3=$AC41,AI$3=$AE41),"",IF(AI$3=$AD41,$F41&"R",AI40)))) -> wN | AJ41: =IF($P41=0,AJ40,IF(AJ$3=$E41,IF($AA41=1,$F41&$AB41,$G41),IF(OR(AJ$3=$D41,AJ$3=$AC41,AJ$3=$AE41),"",IF(AJ$3=$AD41,$F41&"R",AJ40)))) -> wB | AK41: =IF($P41=0,AK40,IF(AK$3=$E41,IF($AA41=1,$F41&$AB41,$G41),IF(OR(AK$3=$D41,AK$3=$AC41,AK$3=$AE41),"",IF(AK$3=$AD41,$F41&"R",AK40)))) -> wQ | AL41: =IF($P41=0,AL40,IF(AL$3=$E41,IF($AA41=1,$F41&$AB41,$G41),IF(OR(AL$3=$D41,AL$3=$AC41,AL$3=$AE41),"",IF(AL$3=$AD41,$F41&"R",AL40)))) -> wK | AM41: =IF($P41=0,AM40,IF(AM$3=$E41,IF($AA41=1,$F41&$AB41,$G41),IF(OR(AM$3=$D41,AM$3=$AC41,AM$3=$AE41),"",IF(AM$3=$AD41,$F41&"R",AM40)))) -> wB | AN41: =IF($P41=0,AN40,IF(AN$3=$E41,IF($AA41=1,$F41&$AB41,$G41),IF(OR(AN$3=$D41,AN$3=$AC41,AN$3=$AE41),"",IF(AN$3=$AD41,$F41&"R",AN40)))) -> wN | AO41: =IF($P41=0,AO40,IF(AO$3=$E41,IF($AA41=1,$F41&$AB41,$G41),IF(OR(AO$3=$D41,AO$3=$AC41,AO$3=$AE41),"",IF(AO$3=$AD41,$F41&"R",AO40)))) -> wR | ... CS41: =IF($P41=0,CS40,IF(CS$3=$E41,IF($AA41=1,$F41&$AB41,$G41),IF(OR(CS$3=$D41,CS$3=$AC41,CS$3=$AE41),"",IF(CS$3=$AD41,$F41&"R",CS40)))) -> bR
